,Rk,Player,Pos,Age,Tm,G,MP,PER,TS%,3PAr,FTr,ORB%,DRB%,TRB%,AST%,STL%,BLK%,TOV%,USG%,Unnamed: 19,OWS,DWS,WS,WS/48,Unnamed: 24,OBPM,DBPM,BPM,VORP,Player-additional,season,PPG
0,1,Precious Achiuwa,C,23,TOR,39,896,15.0,0.546,0.249,0.339,9.4,23.6,16.0,6.3,1.3,2.7,11.3,19.2,,0.6,1.0,1.6,0.088,,-1.6,-1.0,-2.6,-0.1,achiupr01,2223,9.4
1,2,Steven Adams,C,29,MEM,42,1133,17.6,0.564,0.004,0.49,19.8,25.0,22.4,11.2,1.5,3.7,19.8,14.4,,1.3,2.2,3.5,0.146,,-0.3,0.9,0.6,0.8,adamsst01,2223,8.6
2,3,Bam Adebayo,C,25,MIA,57,1997,20.7,0.587,0.013,0.353,8.2,24.8,16.1,16.3,1.7,2.3,12.3,26.0,,2.8,3.3,6.0,0.145,,0.9,1.0,1.9,2.0,adebaba01,2223,21.1
3,4,Ochai Agbaji,SG,22,UTA,40,629,9.3,0.612,0.624,0.14,4.7,7.4,6.1,4.9,0.5,0.8,7.7,12.0,,0.8,0.2,1.0,0.076,,-1.2,-1.2,-2.4,-0.1,agbajoc01,2223,5.6
4,5,Santi Aldama,PF,22,MEM,57,1247,14.6,0.596,0.529,0.268,5.0,17.1,11.0,7.4,1.5,2.8,8.4,16.0,,1.8,2.0,3.8,0.145,,0.0,1.3,1.3,1.0,aldamsa01,2223,9.3
5,6,Nickeil Alexander-Walker,SG,24,TOT,41,597,12.9,0.596,0.503,0.201,1.9,10.5,6.2,18.7,2.1,2.4,18.4,18.7,,0.3,0.6,0.9,0.069,,-0.7,0.9,0.2,0.3,alexani01,2223,7.7
6,6,Nickeil Alexander-Walker,SG,24,UTA,36,528,13.2,0.609,0.512,0.229,1.7,10.4,6.1,20.1,2.2,2.2,19.4,18.4,,0.4,0.5,0.9,0.078,,-0.5,1.0,0.5,0.3,alexani01,2223,7.7
7,6,Nickeil Alexander-Walker,SG,24,MIN,5,69,10.3,0.51,0.448,0.034,3.3,11.1,7.3,8.1,1.4,3.9,12.0,20.6,,-0.1,0.1,0.0,0.0,,-1.8,-0.1,-2.0,0.0,alexani01,2223,7.7
8,7,Grayson Allen,SG,27,MIL,57,1573,12.4,0.613,0.639,0.243,3.3,9.0,6.3,11.6,1.4,0.5,11.5,14.7,,2.3,1.9,4.2,0.129,,-0.6,0.7,0.2,0.8,allengr01,2223,10.8
9,8,Jarrett Allen,C,24,CLE,57,1890,20.2,0.679,0.017,0.355,11.6,23.6,17.7,7.5,1.2,3.3,11.9,16.7,,4.8,3.3,8.1,0.207,,1.5,0.9,2.4,2.1,allenja01,2223,14.4
10,9,Jose Alvarado,PG,24,NOP,61,1310,11.9,0.525,0.505,0.164,2.4,9.8,6.0,19.9,2.5,0.7,13.4,19.7,,0.2,1.5,1.7,0.063,,-1.9,0.5,-1.4,0.2,alvarjo01,2223,9.0
11,10,Kyle Anderson,PF,29,MIN,51,1337,14.6,0.59,0.221,0.337,3.4,17.4,10.5,20.5,2.1,2.9,16.3,14.3,,1.6,1.8,3.5,0.124,,-0.2,2.4,2.2,1.4,anderky01,2223,8.9
12,11,Giannis Antetokounmpo,PF,28,MIL,49,1589,28.4,0.594,0.14,0.605,7.6,30.2,19.3,31.7,1.1,1.9,13.0,39.2,,3.5,3.1,6.6,0.198,,5.5,2.6,8.0,4.0,antetgi01,2223,31.2
13,12,Thanasis Antetokounmpo,SF,30,MIL,27,108,2.1,0.298,0.2,0.4,8.9,15.8,12.5,4.5,0.9,2.3,22.9,11.9,,-0.3,0.2,-0.1,-0.044,,-8.8,-0.8,-9.6,-0.2,antetth01,2223,0.6
14,13,Cole Anthony,PG,22,ORL,42,1039,15.4,0.553,0.342,0.299,2.7,18.0,10.4,24.8,1.1,2.4,12.4,21.2,,1.2,1.1,2.3,0.106,,0.4,0.7,1.1,0.8,anthoco01,2223,12.2
15,14,OG Anunoby,SF,25,TOR,49,1750,13.8,0.558,0.382,0.215,4.3,13.5,8.6,8.2,2.8,2.1,12.8,20.0,,0.5,2.1,2.6,0.072,,-1.2,0.6,-0.6,0.6,anunoog01,2223,16.6
16,15,Ryan Arcidiacono,PG,28,TOT,14,69,4.6,0.429,0.643,0.0,0.0,16.3,8.2,14.8,1.4,0.0,17.6,10.7,,0.0,0.1,0.0,0.004,,-6.7,-0.7,-7.4,-0.1,arcidry01,2223,3.0
17,15,Ryan Arcidiacono,PG,28,NYK,11,26,3.2,0.3,0.6,0.0,0.0,16.6,8.3,9.5,3.8,0.0,16.7,9.9,,0.0,0.0,0.0,-0.008,,-9.0,3.8,-5.2,0.0,arcidry01,2223,3.0
18,15,Ryan Arcidiacono,PG,28,POR,3,43,5.5,0.5,0.667,0.0,0.0,16.1,8.1,18.0,0.0,0.0,18.2,11.2,,0.0,0.0,0.0,0.011,,-5.3,-3.5,-8.7,-0.1,arcidry01,2223,3.0
19,16,Deni Avdija,SF,22,WAS,59,1557,11.5,0.534,0.405,0.293,4.8,21.2,13.3,12.7,1.7,1.5,14.6,16.3,,0.3,1.9,2.2,0.068,,-2.6,0.7,-2.0,0.0,avdijde01,2223,8.7
20,17,Deandre Ayton,C,24,PHO,53,1606,21.1,0.617,0.031,0.22,10.0,27.4,18.5,10.9,0.9,2.3,11.2,24.0,,2.9,2.3,5.2,0.155,,1.6,-0.1,1.6,1.4,aytonde01,2223,18.2
21,18,Udoka Azubuike,C,23,UTA,26,153,16.7,0.769,0.0,0.276,11.5,28.2,19.9,5.5,1.3,3.8,23.5,11.6,,0.2,0.2,0.4,0.13,,-0.9,0.8,-0.1,0.1,azubuud01,2223,1.9
22,19,Marvin Bagley III,C,23,DET,27,584,18.4,0.582,0.157,0.267,12.3,21.7,16.9,4.3,1.1,2.8,8.7,20.9,,0.8,0.4,1.3,0.105,,0.6,-1.3,-0.6,0.2,baglema01,2223,11.4
23,20,Patrick Baldwin Jr.,SF,20,GSW,20,175,14.0,0.62,0.78,0.073,0.6,18.0,9.4,3.3,1.6,0.5,9.6,22.5,,0.0,0.2,0.2,0.056,,1.9,-1.4,0.5,0.1,baldwpa01,2223,5.0
24,21,LaMelo Ball,PG,21,CHO,36,1268,18.1,0.541,0.531,0.169,3.4,16.3,9.6,37.9,1.7,0.8,14.3,29.7,,0.8,1.1,1.9,0.07,,3.3,-1.0,2.3,1.4,ballla01,2223,23.3
25,22,Mo Bamba,C,24,TOT,44,726,15.9,0.601,0.515,0.26,7.7,24.2,16.0,8.9,0.8,5.4,9.0,16.5,,1.1,1.0,2.2,0.142,,0.0,0.8,0.7,0.5,bambamo01,2223,4.4
26,22,Mo Bamba,C,24,ORL,40,681,16.6,0.613,0.505,0.238,7.9,22.8,15.3,9.2,0.9,5.4,8.5,16.4,,1.2,0.9,2.2,0.152,,0.5,0.8,1.3,0.6,bambamo01,2223,4.4
27,22,Mo Bamba,C,24,LAL,4,45,6.6,0.424,0.692,0.615,4.9,45.6,25.9,5.6,0.0,5.6,15.4,18.3,,-0.1,0.1,0.0,-0.008,,-8.8,0.6,-8.1,-0.1,bambamo01,2223,4.4
28,23,Paolo Banchero,PF,20,ORL,55,1853,15.1,0.528,0.262,0.492,3.9,18.4,11.2,16.7,1.3,1.4,12.4,27.5,,0.0,2.0,2.0,0.052,,-0.7,-0.7,-1.4,0.3,banchpa01,2223,20.1
29,24,Desmond Bane,SG,24,MEM,38,1180,19.2,0.598,0.44,0.226,2.4,14.4,8.4,19.9,1.6,1.1,10.8,26.1,,2.2,1.7,3.9,0.157,,3.4,0.5,4.0,1.8,banede01,2223,21.2
30,25,Dalano Banton,PG,23,TOR,27,251,13.9,0.499,0.411,0.17,3.8,13.1,8.1,17.2,2.6,4.7,11.7,23.1,,-0.1,0.3,0.3,0.053,,-1.9,0.7,-1.3,0.0,bantoda01,2223,4.4
31,26,Dominick Barlow,SF,19,SAS,11,111,12.2,0.609,0.154,0.385,13.4,14.5,13.9,8.3,0.9,1.5,16.5,13.6,,0.2,0.0,0.2,0.084,,-3.4,-1.7,-5.1,-0.1,barlodo01,2223,3.1
32,27,Harrison Barnes,PF,30,SAC,61,1995,14.1,0.631,0.458,0.514,3.6,12.8,8.3,6.6,1.1,0.4,8.7,17.0,,3.7,1.2,4.9,0.118,,0.5,-1.3,-0.8,0.6,barneha02,2223,15.0
33,28,Scottie Barnes,PF,21,TOR,60,2116,15.7,0.525,0.234,0.254,7.0,16.3,11.3,19.9,1.4,2.5,12.1,20.2,,1.9,2.0,3.9,0.089,,0.7,-0.2,0.4,1.3,barnesc01,2223,15.6
34,29,RJ Barrett,SG,22,NYK,56,1911,13.0,0.531,0.337,0.328,2.8,13.6,8.2,12.8,0.7,0.4,11.1,26.0,,0.5,1.5,2.0,0.049,,-1.1,-1.7,-2.8,-0.3,barrerj01,2223,19.8
35,30,Will Barton,SG,32,TOT,41,786,10.1,0.504,0.484,0.158,1.5,13.7,7.8,16.7,1.1,1.1,12.9,19.4,,-0.3,0.6,0.3,0.019,,-1.6,-0.9,-2.6,-0.1,bartowi01,2223,2.6
36,30,Will Barton,SG,32,WAS,40,782,10.2,0.505,0.482,0.158,1.5,13.7,7.9,16.7,1.1,1.1,12.9,19.4,,-0.3,0.6,0.3,0.02,,-1.6,-0.9,-2.5,-0.1,bartowi01,2223,2.6
37,30,Will Barton,SG,32,TOR,1,4,-2.1,0.0,1.0,0.0,0.0,0.0,0.0,29.3,0.0,0.0,0.0,10.6,,0.0,0.0,0.0,-0.152,,-7.6,-3.4,-11.0,0.0,bartowi01,2223,2.6
38,31,Charles Bassey,C,22,SAS,29,409,18.6,0.653,0.069,0.304,16.1,28.7,22.2,12.0,1.5,5.4,22.2,15.1,,0.6,0.5,1.0,0.121,,-0.8,1.1,0.3,0.2,bassech01,2223,5.7
39,32,Keita Bates-Diop,SF,27,SAS,48,999,13.0,0.574,0.257,0.28,5.0,13.7,9.2,8.0,1.6,1.2,9.9,15.9,,0.9,0.4,1.3,0.06,,-1.0,-1.0,-2.0,0.0,bateske01,2223,8.5
40,33,Nicolas Batum,PF,34,LAC,60,1317,11.2,0.588,0.815,0.141,4.6,16.8,10.8,9.2,1.5,2.7,12.2,12.0,,1.1,1.6,2.7,0.1,,-0.9,1.3,0.4,0.8,batumni01,2223,6.1
41,34,Darius Bazley,PF,22,OKC,36,555,13.0,0.525,0.285,0.411,5.5,18.3,11.8,7.5,1.6,4.8,10.5,15.7,,0.2,0.8,0.9,0.079,,-1.7,0.7,-1.0,0.1,bazleda01,2223,2.5
42,35,Bradley Beal,SG,29,WAS,39,1290,20.6,0.606,0.268,0.254,2.8,8.9,6.0,27.0,1.3,1.6,12.8,28.8,,2.2,1.0,3.2,0.118,,3.7,-1.2,2.5,1.5,bealbr01,2223,23.4
43,36,Malik Beasley,SG,26,TOT,61,1625,11.6,0.535,0.704,0.063,1.8,12.3,7.1,9.2,1.6,0.4,8.4,21.4,,0.2,1.2,1.4,0.042,,-0.5,-1.0,-1.5,0.2,beaslma01,2223,11.5
44,36,Malik Beasley,SG,26,UTA,55,1472,11.7,0.535,0.704,0.066,2.0,12.4,7.3,9.1,1.4,0.4,8.0,21.3,,0.4,1.0,1.4,0.046,,-0.3,-1.3,-1.6,0.2,beaslma01,2223,11.5
45,36,Malik Beasley,SG,26,LAL,6,153,11.1,0.539,0.708,0.042,0.0,10.7,5.5,9.5,3.4,0.0,12.0,22.9,,-0.2,0.2,0.0,0.011,,-2.8,1.8,-1.0,0.0,beaslma01,2223,11.5
46,37,MarJon Beauchamp,SF,22,MIL,40,571,8.1,0.505,0.588,0.142,6.4,10.2,8.3,6.3,1.5,0.6,14.6,18.7,,-0.4,0.7,0.3,0.029,,-4.3,-0.5,-4.8,-0.4,beaucma01,2223,5.3
47,38,Dāvis Bertāns,PF,30,DAL,34,360,9.9,0.606,0.874,0.108,1.9,8.7,5.2,4.9,1.0,0.8,7.2,15.8,,0.3,0.2,0.5,0.066,,-1.0,-1.8,-2.8,-0.1,bertada01,2223,4.2
48,39,Patrick Beverley,PG,34,TOT,48,1288,8.3,0.543,0.659,0.224,2.2,10.5,6.5,12.2,1.5,1.8,13.8,10.6,,0.5,1.2,1.7,0.064,,-3.3,1.3,-2.0,0.0,beverpa01,2223,4.4
49,39,Patrick Beverley,PG,34,LAL,45,1211,8.4,0.548,0.656,0.207,2.2,9.8,6.1,12.1,1.6,1.7,13.8,10.6,,0.5,1.1,1.7,0.066,,-3.3,1.3,-2.0,0.0,beverpa01,2223,4.4
50,39,Patrick Beverley,PG,34,CHI,3,77,7.3,0.468,0.714,0.5,3.0,21.4,12.4,14.4,0.0,2.5,14.9,11.4,,0.0,0.1,0.1,0.048,,-4.2,1.7,-2.5,0.0,beverpa01,2223,4.4
51,40,Saddiq Bey,SF,23,TOT,57,1626,14.3,0.558,0.495,0.33,4.3,14.0,9.0,8.1,1.6,0.7,7.3,20.7,,1.8,0.8,2.6,0.078,,0.6,-1.3,-0.7,0.6,beysa01,2223,11.3
52,40,Saddiq Bey,SF,23,DET,52,1500,14.4,0.552,0.483,0.345,4.2,13.9,8.9,8.5,1.6,0.7,7.2,21.2,,1.6,0.7,2.3,0.075,,0.5,-1.2,-0.7,0.5,beysa01,2223,11.3
53,40,Saddiq Bey,SF,23,ATL,5,126,13.3,0.665,0.676,0.081,5.1,15.6,10.3,3.1,1.1,0.7,9.5,14.2,,0.2,0.1,0.3,0.113,,1.8,-1.7,0.1,0.1,beysa01,2223,11.3
54,41,Khem Birch,C,30,TOR,20,162,9.5,0.629,0.063,0.156,5.2,12.8,8.7,5.9,1.5,3.0,19.0,11.1,,0.1,0.2,0.2,0.07,,-4.5,0.9,-3.6,-0.1,birchkh01,2223,2.2
55,42,Goga Bitadze,C,23,TOT,22,211,14.9,0.568,0.273,0.455,13.6,15.2,14.4,12.6,2.0,4.2,15.4,15.5,,0.2,0.2,0.5,0.109,,-1.7,1.3,-0.4,0.1,bitadgo01,2223,5.6
56,42,Goga Bitadze,C,23,IND,21,202,14.0,0.551,0.269,0.462,13.7,13.1,13.4,12.3,2.1,4.4,16.1,15.5,,0.2,0.2,0.4,0.094,,-2.3,1.2,-1.1,0.0,bitadgo01,2223,5.6
57,42,Goga Bitadze,C,23,ORL,1,9,34.7,0.872,0.333,0.333,12.6,63.0,37.9,18.3,0.0,0.0,0.0,16.5,,0.1,0.0,0.1,0.451,,12.3,3.7,16.0,0.0,bitadgo01,2223,5.6
58,43,Bismack Biyombo,C,30,PHO,46,642,12.4,0.542,0.0,0.37,8.6,24.0,16.1,9.1,1.1,8.2,21.1,13.5,,-0.2,1.2,1.0,0.074,,-4.5,2.7,-1.8,0.0,biyombi01,2223,3.7
59,44,Buddy Boeheim,PG,23,DET,1,1,0.0,,,,0.0,0.0,0.0,0.0,0.0,0.0,,0.0,,0.0,0.0,0.0,-0.018,,-8.1,-1.9,-9.9,0.0,boehebu01,2223,1.5
60,45,Bogdan Bogdanović,SG,30,ATL,37,1085,14.0,0.572,0.574,0.12,1.4,11.1,6.2,13.9,1.4,0.9,9.0,20.3,,1.0,0.8,1.8,0.079,,0.7,-0.7,0.0,0.5,bogdabo01,2223,14.4
61,46,Bojan Bogdanović,PF,33,DET,58,1853,17.3,0.624,0.396,0.347,2.0,11.3,6.5,13.5,0.9,0.3,11.8,25.7,,3.1,0.4,3.4,0.089,,2.4,-1.9,0.6,1.2,bogdabo02,2223,21.6
62,47,Bol Bol,PF,23,ORL,57,1303,15.4,0.632,0.212,0.229,5.5,24.5,15.0,5.6,0.9,5.6,18.0,18.3,,0.4,1.9,2.3,0.084,,-1.2,0.7,-0.5,0.5,bolbo01,2223,9.5
63,48,Leandro Bolmaro,SG,22,UTA,14,68,-5.0,0.15,0.2,0.0,6.5,4.8,5.6,12.4,2.1,1.2,25.9,16.6,,-0.4,0.0,-0.3,-0.229,,-12.6,-2.3,-14.9,-0.2,bolmale01,2223,0.4
64,49,Devin Booker,SG,26,PHO,35,1192,21.0,0.578,0.307,0.313,2.5,12.6,7.4,28.7,1.2,0.9,10.0,31.8,,2.3,1.2,3.5,0.141,,4.0,-0.6,3.4,1.6,bookede01,2223,27.6
65,50,Brandon Boston Jr.,SG,21,LAC,21,247,13.7,0.519,0.24,0.314,3.2,9.9,6.6,12.2,1.8,0.0,8.0,26.5,,0.0,0.2,0.2,0.046,,-1.5,-0.6,-2.2,0.0,bostobr01,2223,6.8
66,51,Chris Boucher,PF,30,TOR,57,1177,18.4,0.588,0.365,0.35,11.3,21.3,15.9,3.1,1.6,4.0,6.2,18.0,,2.4,1.5,3.9,0.159,,0.9,-0.8,0.1,0.6,bouchch01,2223,9.5
67,52,James Bouknight,SG,22,CHO,26,354,5.6,0.421,0.525,0.18,1.5,14.2,7.6,10.5,1.7,1.0,12.6,17.7,,-0.6,0.3,-0.4,-0.048,,-6.2,-0.4,-6.6,-0.4,bouknja01,2223,4.3
68,53,Jamaree Bouyea,PG,23,MIA,4,65,7.8,0.54,0.385,0.154,1.7,7.4,4.4,8.6,3.1,3.1,22.4,12.1,,-0.1,0.1,0.0,0.036,,-5.0,2.0,-3.0,0.0,bouyeja01,2223,3.8
69,54,Tony Bradley,C,25,CHI,12,33,21.7,0.69,0.417,0.333,3.5,33.3,18.7,4.4,1.5,2.9,6.8,19.6,,0.1,0.1,0.2,0.221,,4.4,0.4,4.8,0.1,bradlto01,2223,1.6
70,55,Malaki Branham,SF,19,SAS,48,1077,9.7,0.533,0.44,0.12,2.0,9.3,5.5,12.1,1.1,0.5,11.2,18.2,,0.0,0.1,0.1,0.003,,-2.6,-2.1,-4.7,-0.7,branhma01,2223,9.3
71,56,Christian Braun,SG,21,DEN,58,869,10.0,0.575,0.318,0.214,5.4,12.5,9.0,6.3,1.5,1.1,10.6,12.3,,0.6,0.8,1.5,0.08,,-2.3,-0.2,-2.5,-0.1,braunch01,2223,4.2
72,57,Mikal Bridges,SF,26,TOT,62,2240,15.8,0.584,0.341,0.239,3.1,10.6,6.8,14.4,1.6,2.0,8.6,19.9,,3.5,2.4,5.9,0.126,,1.0,0.5,1.5,2.0,bridgmi01,2223,25.8
73,57,Mikal Bridges,SF,26,PHO,56,2040,15.0,0.574,0.342,0.228,3.0,10.4,6.6,14.3,1.6,2.0,8.5,19.2,,2.9,2.2,5.1,0.119,,0.5,0.5,1.1,1.6,bridgmi01,2223,25.8
74,57,Mikal Bridges,SF,26,BRK,6,200,24.0,0.658,0.337,0.326,4.7,13.1,9.1,15.2,1.9,2.2,9.2,26.7,,0.6,0.2,0.8,0.19,,5.8,-0.1,5.7,0.4,bridgmi01,2223,25.8
75,58,Oshae Brissett,SF,24,IND,49,786,10.5,0.524,0.534,0.402,6.2,17.1,11.7,4.4,1.7,0.9,7.5,14.9,,0.3,0.6,1.0,0.061,,-1.9,-0.5,-2.4,-0.1,brissos01,2223,5.6
76,59,Malcolm Brogdon,PG,30,BOS,53,1349,18.8,0.629,0.417,0.25,2.8,15.2,9.1,22.2,1.2,1.0,11.7,23.0,,3.0,1.6,4.6,0.164,,2.9,0.3,3.2,1.7,brogdma01,2223,14.6
77,60,Dillon Brooks,SF,27,MEM,55,1668,9.0,0.483,0.41,0.161,2.3,9.1,5.7,11.6,1.3,0.5,8.9,22.3,,-0.8,1.9,1.1,0.031,,-3.8,-0.5,-4.4,-1.0,brookdi01,2223,14.4
78,61,Bruce Brown,SG,26,DEN,62,1773,12.9,0.577,0.383,0.161,2.8,12.7,7.9,16.2,1.8,1.9,14.1,17.1,,1.3,1.9,3.3,0.088,,-0.9,0.4,-0.5,0.7,brownbr01,2223,11.1
79,62,Greg Brown III,PF,21,POR,16,93,5.9,0.421,0.25,0.429,2.5,21.1,11.9,4.4,2.1,4.7,15.3,18.4,,-0.2,0.1,-0.1,-0.063,,-8.3,0.0,-8.3,-0.1,browngr01,2223,1.8
80,63,Jaylen Brown,SF,26,BOS,50,1787,19.2,0.584,0.369,0.27,3.9,17.5,10.8,15.4,1.6,1.1,11.9,31.6,,1.3,2.4,3.6,0.097,,1.5,-0.5,1.0,1.4,brownja02,2223,26.4
81,64,Kendall Brown,SG,19,IND,6,40,9.2,0.571,0.143,0.286,5.5,11.0,8.3,9.9,4.8,0.0,20.2,10.4,,0.0,0.1,0.1,0.077,,-7.0,4.0,-2.9,0.0,brownke03,2223,1.5
82,65,Moses Brown,C,23,LAC,34,288,23.0,0.607,0.0,0.75,22.3,31.7,27.0,2.2,0.5,4.4,9.9,21.5,,0.7,0.4,1.1,0.189,,0.9,-1.3,-0.4,0.1,brownmo01,2223,4.6
83,66,Sterling Brown,SG,27,LAL,4,24,7.0,0.0,0.5,0.0,13.7,21.4,17.7,9.4,5.9,0.0,0.0,7.0,,0.0,0.1,0.0,0.035,,-8.5,5.1,-3.3,0.0,brownst02,2223,0.0
84,67,Troy Brown Jr.,SF,23,LAL,56,1344,9.1,0.547,0.574,0.079,4.2,14.0,9.3,5.6,1.4,0.5,10.0,12.2,,0.4,1.2,1.7,0.06,,-2.3,0.4,-1.9,0.0,browntr01,2223,7.3
85,68,Jalen Brunson,PG,26,NYK,59,2075,20.9,0.585,0.263,0.338,1.9,9.2,5.6,28.7,1.3,0.7,9.1,27.0,,5.8,1.7,7.5,0.174,,4.1,-0.4,3.7,3.0,brunsja01,2223,23.8
86,69,Thomas Bryant,C,25,TOT,48,970,20.5,0.693,0.155,0.375,8.8,25.0,17.2,4.5,0.7,2.5,8.2,18.1,,2.7,1.2,3.9,0.192,,1.5,-0.5,1.0,0.7,bryanth01,2223,4.9
87,69,Thomas Bryant,C,25,LAL,41,876,21.6,0.712,0.166,0.359,8.4,24.8,16.9,5.0,0.8,2.2,7.4,18.1,,2.7,1.1,3.8,0.208,,2.4,-0.3,2.1,0.9,bryanth01,2223,4.9
88,69,Thomas Bryant,C,25,DEN,7,94,10.8,0.506,0.037,0.556,12.7,26.4,19.7,0.0,0.5,4.8,15.2,18.3,,0.0,0.1,0.1,0.043,,-6.7,-2.5,-9.2,-0.2,bryanth01,2223,4.9
89,70,Reggie Bullock,SF,31,DAL,61,1854,7.6,0.57,0.847,0.097,1.8,11.9,6.8,6.2,1.3,0.6,7.4,9.9,,1.0,1.2,2.2,0.058,,-2.3,-0.1,-2.4,-0.2,bullore01,2223,7.1
90,71,Alec Burks,SG,31,DET,49,1081,16.5,0.605,0.509,0.407,1.8,13.7,7.6,15.7,1.6,0.6,9.7,22.5,,1.9,0.5,2.5,0.11,,1.7,-0.6,1.1,0.8,burksal01,2223,12.8
91,72,Deonte Burton,SG,29,SAC,2,6,-12.6,0.0,0.5,0.0,0.0,0.0,0.0,0.0,0.0,0.0,0.0,14.3,,0.0,0.0,0.0,-0.347,,-14.8,-10.0,-24.8,0.0,burtode02,2223,0.0
92,73,Jimmy Butler,SF,33,MIA,47,1569,25.9,0.623,0.119,0.584,7.2,13.6,10.3,25.9,2.9,1.0,9.0,25.5,,5.7,2.5,8.1,0.249,,5.6,2.2,7.8,3.9,butleji01,2223,22.3
93,74,John Butler,C,20,POR,9,30,4.6,0.2,0.8,0.0,3.9,3.8,3.9,4.1,1.6,8.8,0.0,7.3,,0.0,0.0,0.0,-0.022,,-5.8,0.2,-5.6,0.0,butlejo01,2223,0.2
94,75,Jamal Cain,SF,23,MIA,14,186,14.0,0.579,0.24,0.32,7.1,17.6,12.1,7.3,2.1,0.0,6.6,14.5,,0.3,0.3,0.5,0.135,,-2.1,1.4,-0.7,0.1,cainja01,2223,4.7
95,76,Kentavious Caldwell-Pope,SG,29,DEN,60,1886,12.2,0.623,0.505,0.193,1.8,8.6,5.3,9.7,2.2,1.3,11.7,14.4,,2.0,1.9,4.0,0.101,,-0.9,0.5,-0.5,0.7,caldwke01,2223,11.3
96,77,Facundo Campazzo,PG,31,DAL,8,52,8.0,0.36,0.846,0.154,0.0,4.6,2.3,22.9,5.8,0.0,17.8,14.7,,-0.1,0.1,0.0,-0.007,,-4.7,3.5,-1.1,0.0,campafa01,2223,1.3
97,78,Vlatko Čančar,PF,25,DEN,48,794,11.8,0.63,0.498,0.156,3.3,13.1,8.3,11.7,1.1,1.4,12.7,13.7,,1.1,0.7,1.8,0.106,,-1.0,-0.3,-1.3,0.1,cancavl01,2223,5.8
98,79,Clint Capela,C,28,ATL,46,1232,22.1,0.631,0.003,0.221,17.0,28.8,22.9,4.6,1.2,4.0,7.8,16.3,,3.3,1.8,5.1,0.199,,2.1,-0.3,1.9,1.2,capelca01,2223,12.0
99,80,Vernon Carey Jr.,C,21,WAS,11,28,10.8,0.338,0.0,0.25,12.4,30.4,21.8,13.4,3.5,6.0,18.4,16.9,,-0.1,0.1,0.0,0.019,,-6.9,2.1,-4.9,0.0,careyve01,2223,0.5
100,81,Jevon Carter,PG,27,MIL,61,1383,10.9,0.556,0.582,0.079,2.1,9.7,6.0,14.7,2.1,1.5,13.5,14.7,,0.7,2.1,2.8,0.098,,-2.3,1.9,-0.3,0.6,carteje01,2223,8.0
101,82,Wendell Carter Jr.,C,23,ORL,42,1248,16.5,0.609,0.334,0.35,8.3,25.1,16.7,13.2,0.7,1.9,15.2,21.2,,1.5,1.4,2.9,0.111,,0.2,-0.1,0.1,0.7,cartewe01,2223,15.0
102,83,Alex Caruso,PG,28,CHI,52,1262,11.4,0.577,0.523,0.266,2.9,11.5,7.3,16.7,3.3,2.6,21.3,11.0,,0.6,2.1,2.7,0.104,,-2.4,3.7,1.2,1.0,carusal01,2223,5.6
103,84,Julian Champagnie,SF,21,PHI,2,7,-3.8,0.0,0.5,0.0,0.0,0.0,0.0,0.0,7.1,0.0,0.0,12.7,,0.0,0.0,0.0,-0.214,,-12.2,-1.4,-13.5,0.0,champju02,2223,6.5
104,85,Justin Champagnie,SF,21,TOR,3,11,29.1,1.0,0.0,0.0,9.6,33.3,20.5,15.7,0.0,0.0,0.0,11.6,,0.1,0.0,0.1,0.331,,6.1,1.7,7.9,0.0,champju01,2223,2.0
105,86,Kennedy Chandler,PG,20,MEM,26,227,10.0,0.419,0.206,0.162,3.2,11.1,7.1,26.5,2.3,2.0,18.0,16.0,,-0.2,0.3,0.2,0.033,,-3.6,1.3,-2.4,0.0,chandke01,2223,2.2
106,87,Max Christie,SG,19,LAL,36,500,7.4,0.573,0.602,0.155,1.5,13.7,7.8,4.7,0.8,1.2,10.6,10.4,,0.1,0.4,0.5,0.053,,-3.1,-0.2,-3.3,-0.2,chrisma02,2223,3.5
107,88,Josh Christopher,SG,21,HOU,43,461,10.6,0.521,0.278,0.198,2.6,9.3,5.9,13.9,1.8,1.9,16.1,21.7,,-0.4,0.2,-0.2,-0.017,,-3.5,-1.6,-5.1,-0.4,chrisjo01,2223,5.1
108,89,Brandon Clarke,PF,26,MEM,54,1068,20.2,0.686,0.017,0.388,8.6,21.0,14.8,9.5,1.5,3.1,12.0,17.5,,2.7,1.9,4.6,0.206,,0.9,1.8,2.7,1.3,clarkbr01,2223,10.0
109,90,Jordan Clarkson,SG,30,UTA,60,1954,14.9,0.559,0.447,0.233,3.9,9.5,6.7,20.6,0.8,0.5,14.0,27.9,,1.2,0.8,2.0,0.049,,1.0,-2.5,-1.5,0.2,clarkjo01,2223,20.8
110,91,Nic Claxton,C,23,BRK,57,1675,21.1,0.693,0.005,0.433,9.9,24.3,17.4,8.4,1.4,7.5,12.2,15.7,,3.9,2.8,6.8,0.194,,0.9,1.8,2.8,2.0,claxtni01,2223,12.3
111,92,Amir Coffey,SG,25,LAC,41,571,7.6,0.502,0.272,0.404,3.2,6.8,5.0,11.5,0.6,0.5,9.6,13.6,,0.2,0.3,0.5,0.045,,-4.3,-0.6,-4.9,-0.4,coffeam01,2223,3.8
112,93,John Collins,PF,25,ATL,52,1607,13.6,0.586,0.316,0.251,3.9,20.7,12.2,5.2,1.0,3.3,9.7,17.0,,1.3,1.8,3.1,0.092,,-1.8,0.4,-1.4,0.3,collijo01,2223,12.8
113,94,Zach Collins,C,25,SAS,51,1095,15.4,0.59,0.239,0.283,8.9,22.5,15.4,17.6,1.1,2.5,18.0,20.2,,0.9,0.7,1.5,0.067,,-1.3,0.0,-1.3,0.2,colliza01,2223,10.3
114,95,Mike Conley,PG,35,TOT,49,1461,13.7,0.546,0.573,0.238,1.6,7.5,4.6,33.1,1.7,0.6,14.9,15.8,,2.5,0.9,3.5,0.114,,0.4,-0.4,0.0,0.8,conlemi01,2223,10.6
115,95,Mike Conley,PG,35,UTA,43,1276,14.1,0.552,0.568,0.256,1.5,7.6,4.6,34.4,1.7,0.6,15.1,16.1,,2.4,0.8,3.2,0.119,,0.7,-0.6,0.1,0.7,conlemi01,2223,10.6
116,95,Mike Conley,PG,35,MIN,6,185,11.1,0.498,0.612,0.102,2.5,7.1,4.8,24.0,2.3,0.5,13.5,13.6,,0.1,0.2,0.3,0.078,,-1.6,0.7,-0.9,0.1,conlemi01,2223,10.6
117,96,Pat Connaughton,SG,30,MIL,43,1078,10.2,0.528,0.765,0.086,3.5,16.6,10.3,6.9,1.3,0.5,6.9,14.1,,0.5,1.5,2.0,0.091,,-1.3,0.5,-0.8,0.3,connapa01,2223,8.1
118,97,Robert Covington,PF,32,LAC,36,584,13.1,0.535,0.618,0.2,4.8,20.6,12.8,11.0,2.1,4.3,11.1,15.6,,0.3,0.9,1.2,0.101,,-1.3,2.3,1.0,0.4,covinro01,2223,5.7
119,98,Torrey Craig,SF,32,PHO,59,1524,11.6,0.563,0.488,0.095,8.7,16.4,12.5,8.3,1.3,2.2,12.9,13.0,,1.2,1.8,3.1,0.097,,-1.2,0.4,-0.8,0.5,craigto01,2223,7.5
120,99,Jae Crowder,SF,32,MIL,3,56,12.7,0.765,0.6,0.4,1.9,12.5,7.4,9.4,2.6,0.0,14.5,10.3,,0.1,0.1,0.2,0.163,,-1.0,4.2,3.2,0.1,crowdja01,2223,6.1
121,100,Jarrett Culver,SG,23,ATL,10,137,9.6,0.452,0.279,0.302,7.9,22.4,15.1,5.6,2.1,1.3,12.6,17.2,,-0.1,0.2,0.0,0.016,,-4.8,0.6,-4.2,-0.1,culveja01,2223,4.4
122,101,Cade Cunningham,PG,21,DET,12,400,14.2,0.492,0.272,0.192,3.2,17.7,10.2,30.6,1.2,1.5,13.8,29.9,,-0.4,0.2,-0.1,-0.016,,-0.1,-0.7,-0.8,0.1,cunnica01,2223,19.9
123,102,Seth Curry,SG,32,BRK,43,947,12.5,0.6,0.524,0.101,1.5,7.8,4.7,12.8,1.3,0.6,10.8,19.1,,0.8,0.6,1.3,0.068,,-0.8,-1.4,-2.2,-0.1,curryse01,2223,9.9
124,103,Stephen Curry,PG,34,GSW,38,1313,24.9,0.665,0.577,0.274,1.9,18.1,10.1,30.7,1.3,1.0,12.7,30.8,,4.2,1.3,5.5,0.202,,7.9,0.5,8.3,3.4,curryst01,2223,29.6
125,104,Dyson Daniels,PG,19,NOP,40,782,9.4,0.525,0.387,0.187,4.0,15.9,9.9,16.1,2.1,1.2,20.4,11.5,,0.1,1.0,1.1,0.065,,-3.1,1.5,-1.5,0.1,daniedy01,2223,4.2
126,105,Anthony Davis,C,29,LAL,38,1266,28.3,0.627,0.084,0.434,11.0,28.3,20.0,12.3,1.6,5.3,9.4,28.7,,3.7,2.3,5.9,0.225,,4.5,1.7,6.3,2.6,davisan02,2223,26.1
127,106,Johnny Davis,SG,20,WAS,13,62,2.0,0.414,0.222,0.167,1.9,12.0,7.2,4.2,0.8,1.4,9.4,15.0,,-0.1,0.0,0.0,-0.039,,-9.7,-1.4,-11.2,-0.1,davisjo06,2223,1.2
128,107,Terence Davis,SG,25,SAC,48,662,14.3,0.582,0.651,0.125,3.2,16.8,10.1,12.5,2.6,1.6,12.9,22.0,,0.3,0.8,1.1,0.079,,-0.6,0.3,-0.3,0.3,daviste02,2223,6.7
129,108,JD Davison,PG,20,BOS,6,14,-2.1,0.25,0.375,0.0,0.0,15.5,7.9,10.0,3.5,0.0,11.1,28.1,,-0.1,0.0,-0.1,-0.29,,-16.4,-3.0,-19.4,-0.1,davisjd01,2223,0.9
130,109,Darius Days,PF,23,HOU,4,25,18.3,0.582,0.833,0.167,4.3,22.0,13.1,6.4,0.0,3.9,0.0,21.3,,0.1,0.0,0.1,0.154,,4.6,-1.4,3.2,0.0,daysda01,2223,3.8
131,110,Dewayne Dedmon,C,33,MIA,30,350,15.7,0.576,0.287,0.341,8.8,28.0,18.0,7.4,1.0,4.1,11.4,21.1,,0.3,0.6,0.9,0.123,,-2.5,0.6,-1.9,0.0,dedmode01,2223,5.7
132,111,Matthew Dellavedova,PG,32,SAC,26,162,7.1,0.462,0.514,0.189,0.7,5.6,3.2,25.6,1.8,0.0,20.0,13.2,,0.0,0.1,0.1,0.023,,-3.6,-0.6,-4.2,-0.1,dellama01,2223,1.4
133,112,DeMar DeRozan,SF,33,CHI,56,2023,20.7,0.595,0.088,0.411,1.3,12.5,7.0,22.4,1.3,1.4,9.5,28.2,,4.2,2.2,6.4,0.152,,1.7,0.2,1.8,1.9,derozde01,2223,24.9
134,113,Moussa Diabaté,PF,21,LAC,18,172,14.2,0.563,0.05,0.4,19.0,10.4,14.6,2.4,1.4,3.1,16.1,14.2,,0.2,0.2,0.4,0.106,,-1.6,-1.2,-2.8,0.0,diabamo01,2223,2.9
135,114,Mamadi Diakite,PF,26,CLE,16,98,5.6,0.5,0.577,0.0,3.7,10.7,7.2,2.8,1.0,5.6,18.8,14.6,,-0.1,0.2,0.0,0.006,,-5.9,1.8,-4.1,-0.1,diakima01,2223,1.6
136,115,Hamidou Diallo,SG,24,DET,53,914,16.2,0.601,0.056,0.404,6.0,15.8,10.8,9.0,2.7,1.4,13.6,21.4,,0.6,0.8,1.4,0.074,,-1.6,0.5,-1.1,0.2,diallha01,2223,9.3
137,116,Gorgui Dieng,C,33,SAS,21,201,10.5,0.503,0.694,0.097,9.5,21.2,15.1,18.8,0.5,2.9,19.8,16.6,,0.0,0.1,0.1,0.017,,-2.9,-0.4,-3.3,-0.1,dienggo01,2223,3.1
138,117,Ousmane Dieng,SF,19,OKC,19,284,8.3,0.499,0.584,0.065,3.0,15.8,9.2,11.7,0.8,1.9,13.2,13.4,,0.0,0.3,0.2,0.036,,-3.3,-0.2,-3.5,-0.1,diengou01,2223,5.3
139,118,Spencer Dinwiddie,PG,29,TOT,60,2046,16.2,0.594,0.492,0.308,1.1,9.9,5.5,24.2,1.1,0.7,10.6,22.1,,3.8,1.2,5.0,0.117,,1.9,-1.2,0.7,1.4,dinwisp01,2223,18.6
140,118,Spencer Dinwiddie,PG,29,DAL,53,1808,16.4,0.599,0.491,0.298,1.2,9.6,5.3,24.2,1.1,0.8,10.3,21.9,,3.6,1.0,4.6,0.121,,2.2,-1.2,1.0,1.3,dinwisp01,2223,18.6
141,118,Spencer Dinwiddie,PG,29,BRK,7,238,14.4,0.559,0.495,0.385,0.5,12.9,6.9,24.6,1.4,0.0,13.1,22.9,,0.2,0.2,0.4,0.082,,-0.5,-1.1,-1.6,0.0,dinwisp01,2223,18.6
142,119,Donte DiVincenzo,SG,26,GSW,52,1340,13.1,0.608,0.699,0.114,4.0,13.7,8.9,16.9,2.5,0.4,16.0,15.1,,1.4,1.5,2.9,0.105,,-0.4,1.3,0.9,1.0,divindo01,2223,9.1
143,120,Luka Dončić,PG,23,DAL,53,1930,30.1,0.614,0.353,0.496,2.7,26.1,14.2,43.8,2.0,1.3,11.8,38.1,,6.6,2.5,9.1,0.226,,8.2,1.8,10.0,5.8,doncilu01,2223,33.0
144,121,Tyler Dorsey,SG,26,DAL,3,8,46.2,0.9,0.4,0.0,14.4,15.0,14.7,0.0,0.0,0.0,0.0,28.3,,0.1,0.0,0.1,0.373,,16.6,1.5,18.1,0.0,dorsety01,2223,3.0
145,122,Luguentz Dort,SG,23,OKC,54,1619,12.0,0.525,0.452,0.288,5.3,10.3,7.8,10.1,1.6,0.9,9.1,20.4,,0.8,1.4,2.2,0.066,,-1.7,-0.9,-2.6,-0.2,dortlu01,2223,14.0
146,123,Ayo Dosunmu,SG,23,CHI,60,1687,10.3,0.572,0.33,0.146,2.8,9.6,6.3,13.4,1.2,1.2,14.3,14.9,,0.7,1.7,2.4,0.069,,-2.8,0.4,-2.4,-0.2,dosunay01,2223,9.1
147,124,Devon Dotson,PG,23,WAS,6,53,4.9,0.15,0.4,0.0,13.1,8.0,10.5,17.7,4.6,0.0,23.1,10.7,,-0.1,0.1,0.0,-0.02,,-7.0,1.8,-5.2,0.0,dotsode01,2223,0.5
148,125,Jeff Dowtin,PG,25,TOR,18,159,9.3,0.492,0.256,0.093,4.0,8.5,6.0,14.6,1.2,0.6,10.0,13.3,,0.1,0.1,0.2,0.046,,-3.1,0.0,-3.1,0.0,dowtije01,2223,2.4
149,126,PJ Dozier,SG,26,SAC,5,11,26.1,0.625,0.75,0.0,0.0,20.6,10.5,0.0,13.0,0.0,0.0,15.6,,0.0,0.0,0.1,0.234,,0.4,12.5,12.9,0.0,doziepj01,2223,0.6
150,127,Goran Dragić,PG,36,CHI,51,787,10.3,0.514,0.428,0.137,1.9,7.8,4.9,24.8,0.7,0.5,15.0,20.8,,-0.2,0.6,0.4,0.024,,-2.1,-1.7,-3.8,-0.3,dragigo01,2223,6.4
151,128,Andre Drummond,C,29,CHI,49,640,21.6,0.619,0.009,0.439,19.3,38.7,29.2,6.6,2.5,2.5,18.2,21.4,,0.8,1.4,2.3,0.169,,-0.5,0.3,-0.2,0.3,drumman01,2223,6.1
152,129,Chris Duarte,SF,25,IND,39,731,8.6,0.489,0.529,0.245,2.3,11.7,7.0,10.4,1.2,1.0,9.8,19.3,,-0.4,0.4,0.0,0.0,,-2.9,-1.5,-4.4,-0.5,duartch01,2223,8.0
153,130,David Duke Jr.,SG,23,BRK,17,146,5.1,0.454,0.12,0.18,4.8,6.8,5.8,13.3,2.0,0.6,19.4,20.5,,-0.3,0.1,-0.2,-0.068,,-8.4,-1.3,-9.7,-0.3,dukeda01,2223,3.4
154,131,Kris Dunn,PG,28,UTA,3,66,21.9,0.575,0.233,0.167,6.7,8.2,7.4,28.9,3.6,1.2,5.8,21.7,,0.2,0.1,0.3,0.197,,1.3,4.3,5.6,0.1,dunnkr01,2223,12.6
155,132,Kevin Durant,PF,34,BRK,39,1403,26.5,0.673,0.257,0.39,1.2,19.4,10.6,25.4,1.1,3.5,13.7,31.7,,4.1,1.6,5.7,0.197,,5.9,1.0,6.9,3.1,duranke01,2223,26.7
156,133,Jalen Duren,C,19,DET,52,1305,16.5,0.652,0.003,0.39,14.2,24.6,19.2,6.2,1.2,3.1,15.6,13.1,,2.3,1.2,3.5,0.128,,-0.6,-0.4,-1.0,0.3,durenja01,2223,8.5
157,134,Tari Eason,PF,21,HOU,61,1207,16.0,0.525,0.257,0.229,12.7,18.9,15.8,7.7,2.7,2.7,11.7,19.9,,0.7,1.2,1.9,0.077,,-1.0,-0.3,-1.3,0.2,easonta01,2223,9.1
158,135,Anthony Edwards,SG,21,MIN,64,2327,17.4,0.565,0.373,0.277,1.9,16.0,9.1,19.3,2.2,1.7,13.5,29.6,,0.4,3.0,3.3,0.069,,0.9,0.0,0.8,1.7,edwaran01,2223,24.8
159,136,Kessler Edwards,SF,22,TOT,16,93,1.7,0.26,0.5,0.071,8.9,10.6,9.8,5.1,1.6,0.9,12.2,15.7,,-0.3,0.1,-0.2,-0.123,,-6.7,-3.6,-10.3,-0.2,edwarke02,2223,0.8
160,136,Kessler Edwards,SF,22,BRK,14,79,2.5,0.301,0.5,0.083,9.0,11.1,10.1,3.2,1.9,1.1,13.9,16.3,,-0.3,0.1,-0.2,-0.112,,-6.5,-3.3,-9.8,-0.2,edwarke02,2223,0.8
161,136,Kessler Edwards,SF,22,SAC,2,14,-3.0,0.0,0.5,0.0,8.4,8.1,8.2,15.9,0.0,0.0,0.0,12.2,,-0.1,0.0,-0.1,-0.185,,-7.6,-5.5,-13.1,0.0,edwarke02,2223,0.8
162,137,Keon Ellis,SG,23,SAC,9,36,22.6,0.839,0.8,0.3,9.8,12.6,11.2,11.4,2.6,2.4,8.1,14.7,,0.2,0.0,0.2,0.272,,6.6,1.7,8.3,0.1,elliske01,2223,1.9
163,138,Joel Embiid,C,28,PHI,48,1683,30.5,0.641,0.15,0.57,6.1,28.5,17.4,22.4,1.6,4.3,12.1,37.2,,5.5,3.0,8.5,0.244,,6.2,2.2,8.4,4.4,embiijo01,2223,33.4
164,139,Drew Eubanks,C,25,POR,59,1164,15.9,0.696,0.032,0.403,9.9,19.9,14.9,8.5,1.2,5.2,15.3,11.3,,2.4,1.2,3.6,0.148,,-0.7,1.0,0.3,0.7,eubandr01,2223,6.1
165,140,Bruno Fernando,C,24,TOT,33,370,16.1,0.563,0.01,0.458,14.4,22.3,18.3,12.1,0.8,8.2,16.0,15.4,,0.5,0.4,0.8,0.107,,-2.9,1.1,-1.8,0.0,fernabr01,2223,2.0
166,140,Bruno Fernando,C,24,HOU,31,364,16.1,0.561,0.011,0.473,14.3,22.4,18.3,11.8,0.8,8.4,15.1,15.0,,0.5,0.4,0.8,0.111,,-2.8,1.1,-1.8,0.0,fernabr01,2223,2.0
167,140,Bruno Fernando,C,24,ATL,2,6,12.6,0.667,0.0,0.0,17.9,18.3,18.1,28.8,0.0,0.0,40.0,35.2,,0.0,0.0,0.0,-0.141,,-4.9,0.5,-4.3,0.0,fernabr01,2223,2.0
168,141,Dorian Finney-Smith,PF,29,TOT,47,1493,9.4,0.538,0.689,0.128,6.0,12.0,9.0,6.4,1.4,1.3,10.4,12.8,,0.7,1.1,1.8,0.057,,-1.4,-0.5,-1.9,0.0,finnedo01,2223,6.5
169,141,Dorian Finney-Smith,PF,29,DAL,40,1288,10.2,0.557,0.7,0.129,6.0,11.3,8.6,6.4,1.5,1.4,9.9,12.8,,0.9,1.0,1.8,0.068,,-0.8,-0.2,-1.0,0.3,finnedo01,2223,6.5
170,141,Dorian Finney-Smith,PF,29,BRK,7,205,4.7,0.418,0.62,0.12,6.3,16.6,11.6,6.2,0.7,0.4,13.2,13.2,,-0.2,0.2,-0.1,-0.017,,-5.6,-1.9,-7.5,-0.3,finnedo01,2223,6.5
171,142,Malachi Flynn,PG,24,TOR,43,591,9.5,0.492,0.555,0.12,2.7,10.3,6.2,14.9,1.4,0.5,7.9,16.4,,0.2,0.4,0.6,0.051,,-2.5,-0.8,-3.3,-0.2,flynnma01,2223,4.8
172,143,Simone Fontecchio,SF,27,UTA,34,346,5.8,0.461,0.685,0.173,5.1,6.5,5.8,7.7,0.8,1.4,13.3,19.1,,-0.4,0.1,-0.2,-0.031,,-4.2,-2.2,-6.4,-0.4,fontesi01,2223,4.5
173,144,Bryn Forbes,SG,29,MIN,25,268,6.3,0.497,0.554,0.181,1.7,4.5,3.1,8.2,1.2,0.7,11.8,16.1,,-0.2,0.2,0.0,0.001,,-4.7,-1.5,-6.2,-0.3,forbebr01,2223,3.6
174,145,Trent Forrest,PG,24,ATL,18,239,7.9,0.487,0.04,0.06,2.3,11.0,6.6,16.0,1.2,0.7,16.3,10.8,,0.0,0.2,0.2,0.03,,-4.4,0.6,-3.8,-0.1,forretr01,2223,2.8
175,146,Michael Foster Jr.,PF,20,PHI,1,1,0.0,,,,0.0,0.0,0.0,0.0,0.0,0.0,,0.0,,0.0,0.0,0.0,0.012,,-7.6,-1.9,-9.5,0.0,fostemi02,2223,0.0
176,147,Evan Fournier,SG,30,NYK,23,414,8.2,0.49,0.675,0.139,1.0,10.7,5.9,11.7,1.7,0.7,10.6,18.6,,-0.1,0.4,0.3,0.034,,-3.1,0.2,-3.0,-0.1,fournev01,2223,6.8
177,148,De'Aaron Fox,PG,25,SAC,55,1877,21.7,0.603,0.261,0.344,1.6,12.6,7.2,29.4,1.6,0.8,11.3,29.8,,4.3,1.4,5.7,0.147,,3.1,-0.9,2.2,2.0,foxde01,2223,25.5
178,149,Markelle Fultz,PG,24,ORL,41,1199,16.2,0.552,0.123,0.22,4.9,10.7,7.8,29.2,2.5,1.3,16.4,21.1,,0.9,1.4,2.3,0.091,,-0.4,0.8,0.4,0.8,fultzma01,2223,13.6
179,150,Wenyen Gabriel,PF,25,LAL,48,725,15.4,0.653,0.151,0.307,11.8,15.4,13.7,4.2,1.1,3.0,12.7,15.0,,1.3,0.8,2.1,0.136,,-1.9,-0.2,-2.1,0.0,gabriwe01,2223,5.8
180,151,Daniel Gafford,C,24,WAS,59,1127,20.5,0.746,0.0,0.539,12.1,19.2,15.8,7.1,1.0,5.8,15.2,15.3,,3.1,1.5,4.6,0.196,,0.6,0.9,1.5,1.0,gaffoda01,2223,8.6
181,152,Darius Garland,PG,23,CLE,54,1896,20.0,0.599,0.377,0.305,1.4,7.4,4.5,35.2,1.8,0.3,13.7,27.0,,4.3,2.3,6.6,0.168,,3.9,-0.5,3.4,2.6,garlada01,2223,22.0
182,153,Usman Garuba,PF,20,HOU,54,728,14.0,0.591,0.266,0.281,13.1,23.3,18.2,9.5,2.5,3.4,20.0,10.2,,0.7,0.8,1.5,0.101,,-1.6,1.2,-0.4,0.3,garubus01,2223,3.3
183,154,Luka Garza,C,24,MIN,23,209,23.7,0.646,0.353,0.471,15.9,14.1,15.0,10.7,0.5,0.4,7.5,27.1,,0.8,0.2,1.0,0.225,,3.1,-2.9,0.2,0.1,garzalu01,2223,6.8
184,155,Rudy Gay,PF,36,UTA,47,682,8.7,0.462,0.441,0.175,5.0,17.4,11.2,8.6,1.1,1.7,10.5,16.9,,-0.3,0.6,0.3,0.019,,-3.9,-0.3,-4.2,-0.4,gayru01,2223,5.0
185,156,Paul George,SG,32,LAC,47,1618,19.8,0.595,0.436,0.286,2.2,17.6,10.0,25.0,2.1,0.9,14.3,29.3,,2.0,2.0,3.9,0.117,,2.4,0.2,2.6,1.9,georgpa01,2223,23.7
186,157,Taj Gibson,C,37,WAS,39,393,11.9,0.581,0.184,0.35,8.3,14.6,11.6,10.1,1.6,2.1,15.0,15.5,,0.3,0.4,0.7,0.092,,-3.5,0.8,-2.7,-0.1,gibsota01,2223,3.4
187,158,Josh Giddey,SG,20,OKC,56,1716,16.4,0.53,0.201,0.115,6.8,20.4,13.4,28.2,1.2,1.4,16.4,24.6,,0.4,1.9,2.3,0.065,,0.7,-0.5,0.2,1.0,giddejo01,2223,16.2
188,159,Shai Gilgeous-Alexander,PG,24,OKC,54,1918,27.3,0.623,0.127,0.526,2.6,11.9,7.1,26.4,2.2,2.8,10.3,32.6,,6.8,2.3,9.1,0.227,,5.8,1.4,7.2,4.4,gilgesh01,2223,31.2
189,160,Anthony Gill,PF,30,WAS,42,419,11.6,0.664,0.226,0.417,6.4,8.9,7.7,6.4,0.6,1.6,8.3,11.3,,0.8,0.2,1.1,0.122,,-1.8,-0.6,-2.4,0.0,gillan01,2223,3.1
190,161,Rudy Gobert,C,30,MIN,52,1583,18.9,0.694,0.008,0.612,11.8,30.0,21.1,4.0,1.2,4.0,15.4,16.0,,3.2,2.6,5.8,0.176,,0.1,0.5,0.5,1.0,goberru01,2223,13.7
191,162,Jordan Goodwin,PG,24,WAS,42,760,14.5,0.541,0.311,0.21,5.6,13.7,9.9,18.7,2.8,2.3,13.4,15.8,,0.7,1.0,1.7,0.108,,-0.9,2.2,1.3,0.6,goodwjo01,2223,5.8
192,163,Aaron Gordon,PF,27,DEN,51,1533,20.7,0.641,0.231,0.435,9.3,16.9,13.2,14.1,1.3,2.3,10.7,21.4,,3.9,1.7,5.6,0.174,,3.0,-0.3,2.8,1.8,gordoaa01,2223,16.9
193,164,Eric Gordon,SG,34,TOT,52,1518,11.3,0.568,0.512,0.289,0.9,6.7,3.8,14.4,1.1,1.3,13.1,17.8,,1.1,0.2,1.3,0.041,,-0.9,-1.6,-2.5,-0.2,gordoer01,2223,10.1
194,164,Eric Gordon,SG,34,HOU,47,1418,11.4,0.572,0.513,0.282,0.9,6.6,3.7,14.1,1.0,1.2,13.4,18.1,,1.0,0.1,1.1,0.037,,-0.9,-1.7,-2.6,-0.2,gordoer01,2223,10.1
195,164,Eric Gordon,SG,34,LAC,5,100,10.9,0.493,0.5,0.417,1.1,8.9,5.0,18.3,1.5,2.7,6.6,13.3,,0.1,0.1,0.2,0.095,,-1.1,0.3,-0.8,0.0,gordoer01,2223,10.1
196,165,Devonte' Graham,PG,27,TOT,60,1004,12.2,0.535,0.788,0.272,1.9,8.0,4.9,19.3,1.7,1.3,8.6,16.1,,1.2,0.8,2.0,0.094,,0.0,0.0,0.1,0.5,grahade01,2223,15.4
197,165,Devonte' Graham,PG,27,NOP,53,811,11.8,0.545,0.823,0.255,1.6,8.4,5.0,18.8,1.8,1.2,9.5,14.9,,0.9,0.8,1.7,0.101,,-0.4,0.4,0.0,0.4,grahade01,2223,15.4
198,165,Devonte' Graham,PG,27,SAS,7,193,14.0,0.508,0.691,0.321,2.8,6.6,4.6,21.6,1.2,1.7,6.1,21.1,,0.2,0.0,0.3,0.065,,1.8,-1.3,0.5,0.1,grahade01,2223,15.4
199,166,Jerami Grant,PF,28,POR,56,1996,16.4,0.608,0.383,0.373,2.8,11.4,7.1,9.9,1.1,1.9,9.8,23.1,,3.2,1.1,4.2,0.101,,1.4,-1.3,0.0,1.0,grantje01,2223,20.7
200,167,A.J. Green,SG,23,MIL,28,267,12.8,0.63,0.828,0.04,2.0,9.7,6.0,9.6,1.1,0.0,7.4,17.1,,0.5,0.3,0.8,0.136,,0.4,-0.2,0.2,0.1,greenaj01,2223,4.6
201,168,Danny Green,SG,35,TOT,6,71,2.3,0.489,0.789,0.053,1.5,6.1,3.8,3.4,1.4,1.3,20.5,14.7,,-0.1,0.1,0.0,-0.027,,-6.3,-0.9,-7.3,-0.1,greenda02,2223,4.0
202,168,Danny Green,SG,35,MEM,3,43,-0.1,0.409,0.727,0.0,2.4,7.3,4.9,5.6,1.1,0.0,21.4,13.3,,-0.1,0.0,0.0,-0.053,,-7.9,-0.8,-8.6,-0.1,greenda02,2223,4.0
203,168,Danny Green,SG,35,CLE,3,28,6.0,0.592,0.875,0.125,0.0,4.2,2.1,0.0,1.8,3.3,19.2,16.7,,0.0,0.0,0.0,0.014,,-4.0,-1.1,-5.1,0.0,greenda02,2223,4.0
204,169,Draymond Green,PF,32,GSW,54,1703,12.4,0.593,0.295,0.25,3.0,22.6,12.9,27.7,1.5,2.3,27.2,12.6,,1.5,2.2,3.7,0.104,,-1.5,2.7,1.2,1.4,greendr01,2223,8.5
205,170,Jalen Green,SG,20,HOU,55,1852,14.1,0.534,0.43,0.329,1.8,11.2,6.4,17.6,1.1,0.7,12.1,28.3,,0.5,0.4,0.8,0.022,,0.2,-2.6,-2.4,-0.2,greenja05,2223,21.8
206,171,JaMychal Green,PF,32,GSW,42,606,13.6,0.613,0.432,0.255,10.5,19.0,14.8,9.1,1.6,2.0,18.4,18.1,,0.4,0.7,1.2,0.092,,-2.2,-0.3,-2.4,-0.1,greenja01,2223,6.3
207,172,Javonte Green,SG,29,CHI,28,449,15.4,0.667,0.327,0.413,6.4,14.0,10.2,6.9,2.4,4.2,14.0,14.0,,0.7,0.7,1.4,0.151,,-0.5,2.5,2.0,0.5,greenja02,2223,5.9
208,173,Jeff Green,PF,36,DEN,39,757,11.0,0.568,0.282,0.34,4.4,10.6,7.6,8.0,1.0,1.3,11.5,17.9,,0.4,0.6,1.0,0.065,,-2.7,-1.1,-3.8,-0.3,greenje02,2223,7.8
209,174,Josh Green,SG,22,DAL,43,1058,12.7,0.666,0.464,0.322,4.3,9.0,6.6,9.6,1.7,0.3,12.6,14.6,,1.8,0.7,2.5,0.112,,-1.3,-0.1,-1.4,0.1,greenjo02,2223,8.8
210,175,AJ Griffin,SF,19,ATL,58,1169,12.6,0.58,0.489,0.073,2.4,8.7,5.5,6.9,1.6,0.5,6.8,17.6,,1.1,0.8,1.8,0.076,,-0.4,-0.3,-0.7,0.4,griffaj01,2223,8.9
211,176,Blake Griffin,C,33,BOS,27,380,12.7,0.612,0.521,0.255,7.0,18.9,13.0,12.1,1.0,1.1,11.8,13.7,,0.6,0.5,1.1,0.139,,-1.4,0.7,-0.8,0.1,griffbl01,2223,4.6
212,177,Quentin Grimes,SG,22,NYK,52,1543,10.2,0.583,0.654,0.171,2.8,9.2,6.0,8.9,1.1,1.3,10.6,13.7,,1.6,1.2,2.8,0.087,,-1.2,0.4,-0.9,0.4,grimequ01,2223,10.1
213,178,Rui Hachimura,PF,24,TOT,44,1072,13.2,0.55,0.271,0.219,3.9,16.3,10.3,6.2,0.7,1.3,8.1,21.2,,0.3,0.9,1.1,0.051,,-1.1,-1.2,-2.4,-0.1,hachiru01,2223,10.2
214,178,Rui Hachimura,PF,24,WAS,30,728,13.7,0.558,0.275,0.179,3.0,15.9,9.8,7.4,0.7,1.4,9.3,23.0,,0.1,0.6,0.7,0.045,,-1.0,-1.4,-2.5,-0.1,hachiru01,2223,10.2
215,178,Rui Hachimura,PF,24,LAL,14,344,12.2,0.529,0.263,0.331,5.7,17.0,11.6,3.6,0.5,1.0,4.9,17.4,,0.2,0.3,0.5,0.065,,-1.4,-0.8,-2.2,0.0,hachiru01,2223,10.2
216,179,Tyrese Haliburton,PG,22,IND,51,1713,23.0,0.614,0.48,0.225,2.1,10.2,6.1,46.9,2.4,1.2,13.4,23.6,,5.4,1.4,6.7,0.189,,6.5,0.4,6.9,3.8,halibty01,2223,20.8
217,180,Jordan Hall,SF,21,SAS,9,83,5.6,0.438,0.536,0.321,3.8,12.5,8.0,17.0,0.6,0.0,18.0,19.4,,-0.1,0.0,-0.1,-0.077,,-4.7,-3.1,-7.8,-0.1,halljo02,2223,3.1
218,181,R.J. Hampton,PG,21,TOT,28,389,11.9,0.554,0.467,0.308,2.6,10.2,6.4,13.0,2.2,1.2,13.9,17.6,,0.1,0.4,0.5,0.064,,-2.1,0.4,-1.7,0.0,hamptrj01,2223,6.0
219,181,R.J. Hampton,PG,21,ORL,26,361,12.7,0.572,0.465,0.325,2.8,9.4,6.1,13.7,2.2,1.1,13.9,18.1,,0.2,0.4,0.6,0.078,,-1.5,0.3,-1.2,0.1,hamptrj01,2223,6.0
220,181,R.J. Hampton,PG,21,DET,2,28,1.7,0.167,0.5,0.0,0.0,20.4,9.9,4.5,3.4,3.1,14.3,10.6,,-0.1,0.0,-0.1,-0.114,,-9.8,2.1,-7.7,0.0,hamptrj01,2223,6.0
221,182,Tim Hardaway Jr.,SG,30,DAL,57,1720,11.4,0.53,0.65,0.195,1.3,13.1,7.1,8.6,1.2,0.4,6.0,21.1,,0.2,1.1,1.3,0.037,,-0.8,-1.6,-2.4,-0.2,hardati02,2223,14.2
222,183,James Harden,PG,33,PHI,44,1614,22.5,0.62,0.502,0.448,1.8,17.8,9.9,44.7,1.7,1.5,16.5,25.3,,4.7,2.1,6.8,0.202,,5.4,0.7,6.1,3.3,hardeja01,2223,21.9
223,184,Jaden Hardy,SG,20,DAL,32,371,12.0,0.557,0.448,0.294,0.6,13.3,6.8,11.2,1.2,0.7,12.4,25.7,,-0.1,0.3,0.1,0.019,,-3.3,-2.1,-5.4,-0.3,hardyja02,2223,6.5
224,185,Ron Harper Jr.,SF,22,TOR,4,14,23.7,0.714,0.571,0.0,7.5,8.7,8.1,0.0,0.0,0.0,0.0,21.3,,0.1,0.0,0.1,0.189,,10.1,-1.3,8.8,0.0,harpero02,2223,2.5
225,186,Montrezl Harrell,C,29,PHI,50,624,17.3,0.636,0.011,0.459,11.4,14.5,13.0,7.6,1.3,3.7,12.2,18.1,,1.2,0.8,2.0,0.157,,-1.1,-0.1,-1.3,0.1,harremo01,2223,5.5
226,187,Gary Harris,SG,28,ORL,33,817,11.0,0.642,0.668,0.135,2.2,7.5,4.9,6.9,1.8,0.6,9.1,12.8,,1.1,0.7,1.7,0.102,,-1.1,0.5,-0.6,0.3,harriga01,2223,8.5
227,188,Joe Harris,SG,31,BRK,54,1251,10.0,0.605,0.715,0.068,1.8,10.1,6.1,8.9,1.1,0.9,8.7,14.3,,1.0,0.8,1.8,0.07,,-1.2,-0.8,-1.9,0.0,harrijo01,2223,7.9
228,189,Kevon Harris,SG,25,ORL,27,336,8.9,0.546,0.364,0.351,7.8,10.1,9.0,4.9,1.9,0.9,15.3,13.5,,0.1,0.3,0.4,0.058,,-3.5,-0.1,-3.6,-0.1,harrike01,2223,3.6
229,190,Tobias Harris,PF,30,PHI,56,1885,14.8,0.593,0.386,0.132,3.3,16.8,10.1,11.5,1.5,1.5,9.0,18.7,,2.1,2.3,4.4,0.111,,0.4,0.0,0.5,1.2,harrito02,2223,14.8
230,191,Josh Hart,SF-SG,27,TOT,57,1862,13.8,0.605,0.318,0.325,6.5,21.3,13.9,16.1,1.6,0.6,15.4,13.0,,2.9,1.6,4.5,0.115,,-0.1,1.0,0.8,1.3,hartjo01,2223,11.0
231,191,Josh Hart,SF,27,POR,51,1704,12.9,0.586,0.309,0.328,6.5,21.8,14.2,15.9,1.6,0.5,16.0,12.7,,2.2,1.4,3.6,0.102,,-0.7,0.7,0.0,0.9,hartjo01,2223,11.0
232,191,Josh Hart,SG,27,NYK,6,158,23.1,0.746,0.388,0.306,6.2,15.7,11.0,18.2,2.2,1.8,11.2,17.0,,0.6,0.2,0.8,0.254,,5.7,3.6,9.4,0.5,hartjo01,2223,11.0
233,192,Isaiah Hartenstein,C,24,NYK,63,1237,14.2,0.563,0.13,0.203,15.4,21.1,18.2,5.9,1.4,3.8,15.2,11.6,,1.7,1.8,3.5,0.135,,-1.5,0.7,-0.9,0.3,harteis01,2223,5.0
234,193,Udonis Haslem,C,42,MIA,6,46,-3.5,0.116,0.167,0.167,9.6,10.5,10.0,0.0,1.1,2.2,0.0,12.3,,-0.2,0.1,-0.1,-0.126,,-12.2,-4.2,-16.5,-0.2,hasleud01,2223,0.5
235,194,Sam Hauser,PF,25,BOS,60,934,12.5,0.63,0.83,0.052,3.2,14.6,9.0,6.4,0.9,1.5,6.4,14.7,,1.3,1.0,2.3,0.12,,0.6,0.0,0.5,0.6,hausesa01,2223,6.2
236,195,Jaxson Hayes,C,22,NOP,35,467,13.2,0.587,0.22,0.517,7.4,17.5,12.4,7.3,1.7,2.2,12.7,15.1,,0.5,0.6,1.1,0.109,,-2.0,0.6,-1.4,0.1,hayesja02,2223,5.5
237,196,Killian Hayes,PG,21,DET,58,1570,9.9,0.447,0.377,0.102,1.3,10.1,5.6,31.8,2.4,1.2,15.9,19.8,,-1.3,1.0,-0.3,-0.01,,-3.4,-0.4,-3.9,-0.7,hayeski01,2223,9.3
238,197,Gordon Hayward,SF,32,CHO,37,1157,13.5,0.562,0.278,0.28,2.4,12.9,7.5,17.0,1.4,0.6,13.0,19.9,,0.6,0.8,1.4,0.057,,-1.2,-0.4,-1.7,0.1,haywago01,2223,14.5
239,198,Juancho Hernangómez,PF,27,TOR,42,614,7.7,0.504,0.588,0.14,4.6,19.1,11.3,5.3,1.3,1.0,11.0,9.4,,0.1,0.5,0.6,0.05,,-3.5,0.1,-3.4,-0.2,hernaju01,2223,2.9
240,199,Willy Hernangómez,C,28,NOP,30,383,21.8,0.617,0.069,0.632,15.1,30.2,22.6,10.6,1.5,3.0,14.8,24.0,,0.8,0.6,1.4,0.181,,0.6,0.2,0.8,0.3,hernawi01,2223,7.5
241,200,Tyler Herro,SG,23,MIA,48,1699,15.5,0.557,0.479,0.167,1.5,17.8,9.3,20.5,1.2,0.9,11.5,25.9,,0.6,2.1,2.7,0.077,,1.4,-0.4,1.0,1.3,herroty01,2223,20.4
242,201,Buddy Hield,SF,30,IND,63,2017,15.1,0.613,0.662,0.121,2.9,14.0,8.5,12.7,1.7,0.8,11.5,20.9,,2.1,1.5,3.5,0.084,,2.4,-0.7,1.7,1.9,hieldbu01,2223,17.3
243,202,Haywood Highsmith,SF,26,MIA,44,853,8.6,0.521,0.532,0.126,5.9,16.6,11.0,5.0,1.9,1.8,14.9,12.2,,-0.2,1.2,1.0,0.057,,-3.7,0.9,-2.8,-0.2,highsha01,2223,4.6
244,203,George Hill,PG,36,TOT,36,678,9.9,0.575,0.561,0.348,2.1,8.0,5.1,16.9,1.4,0.4,15.1,11.1,,0.7,0.8,1.5,0.107,,-2.9,1.2,-1.7,0.0,hillge01,2223,3.5
245,203,George Hill,PG,36,MIL,35,668,9.9,0.575,0.561,0.348,2.1,8.1,5.2,17.1,1.4,0.4,15.1,11.3,,0.7,0.8,1.5,0.108,,-2.8,1.1,-1.7,0.0,hillge01,2223,3.5
246,203,George Hill,PG,36,IND,1,10,4.9,,,,0.0,0.0,0.0,0.0,4.8,0.0,,0.0,,0.0,0.0,0.0,0.046,,-6.3,2.5,-3.9,0.0,hillge01,2223,3.5
247,204,Malcolm Hill,SF,27,CHI,5,9,15.5,0.625,0.75,0.0,0.0,36.7,18.7,0.0,0.0,0.0,0.0,19.5,,0.0,0.0,0.0,0.126,,1.7,0.5,2.2,0.0,hillma01,2223,1.0
248,205,Aaron Holiday,PG,26,ATL,51,727,8.8,0.527,0.399,0.149,3.1,6.8,4.9,11.1,1.8,1.2,13.0,13.4,,0.2,0.5,0.7,0.045,,-3.1,0.7,-2.5,-0.1,holidaa01,2223,4.1
249,206,Jrue Holiday,PG,32,MIL,50,1647,19.1,0.576,0.399,0.17,3.9,12.0,8.1,33.8,1.8,0.9,14.8,25.6,,2.7,2.4,5.1,0.148,,2.8,0.2,3.1,2.1,holidjr01,2223,19.7
250,207,Justin Holiday,SG,33,TOT,31,476,7.1,0.522,0.714,0.014,0.7,5.8,3.2,7.5,0.9,2.4,9.0,13.9,,-0.1,0.3,0.2,0.02,,-2.7,-0.3,-3.1,-0.1,holidju01,2223,5.3
251,207,Justin Holiday,SG,33,ATL,28,411,6.2,0.504,0.696,0.0,0.5,5.6,3.0,7.6,0.6,2.1,8.8,14.1,,-0.1,0.2,0.1,0.007,,-3.2,-0.7,-3.8,-0.2,holidju01,2223,5.3
252,207,Justin Holiday,SG,33,DAL,3,65,12.9,0.661,0.867,0.133,1.8,7.4,4.5,6.5,3.1,4.2,11.2,12.5,,0.1,0.1,0.1,0.103,,0.0,1.9,1.9,0.1,holidju01,2223,5.3
253,208,Richaun Holmes,C,29,SAC,35,305,13.3,0.726,0.058,0.246,9.2,17.5,13.4,2.2,0.5,3.1,14.5,12.6,,0.6,0.2,0.8,0.126,,-2.0,-0.7,-2.7,-0.1,holmeri01,2223,3.2
254,209,Al Horford,C,36,BOS,48,1475,13.0,0.618,0.656,0.05,4.3,17.4,10.9,11.6,0.8,2.4,7.1,11.7,,2.5,1.8,4.3,0.139,,1.0,1.2,2.3,1.6,horfoal01,2223,10.0
255,210,Talen Horton-Tucker,SG,22,UTA,49,849,12.5,0.495,0.37,0.251,2.8,13.7,8.3,24.3,1.8,2.5,15.5,22.9,,-0.3,0.8,0.5,0.031,,-1.8,0.4,-1.4,0.1,hortota01,2223,8.5
256,211,Danuel House Jr.,SF,29,PHI,37,546,8.4,0.589,0.6,0.333,1.7,12.1,7.0,6.3,0.7,1.2,10.4,12.5,,0.3,0.5,0.8,0.069,,-2.8,-0.6,-3.4,-0.2,houseda01,2223,4.5
257,212,Caleb Houstan,SF,20,ORL,34,549,7.5,0.564,0.697,0.107,5.0,10.7,7.9,4.4,0.6,0.5,8.6,11.0,,0.4,0.3,0.7,0.062,,-2.3,-0.9,-3.2,-0.2,houstca01,2223,4.0
258,213,Trevor Hudgins,PG,23,HOU,5,28,4.2,0.436,0.889,0.333,0.0,0.0,0.0,14.2,0.0,0.0,8.8,16.7,,0.0,0.0,0.0,-0.035,,-3.8,-4.7,-8.5,0.0,hudgitr01,2223,1.8
259,214,Kevin Huerter,SG,24,SAC,58,1749,14.1,0.607,0.591,0.16,2.3,10.5,6.5,13.6,1.7,0.9,10.8,19.3,,2.1,1.3,3.4,0.093,,0.6,-0.4,0.2,1.0,huertke01,2223,15.1
260,215,De'Andre Hunter,SF,25,ATL,52,1651,12.0,0.572,0.358,0.279,2.2,12.7,7.4,6.0,0.8,0.6,8.0,19.7,,1.3,1.0,2.3,0.068,,-1.6,-1.3,-2.9,-0.4,huntede01,2223,15.6
261,216,Bones Hyland,PG,22,TOT,45,867,14.6,0.539,0.549,0.196,2.0,10.4,6.3,21.4,1.7,1.3,12.4,28.3,,0.2,0.8,1.0,0.056,,0.6,-1.5,-0.9,0.3,hylanbo01,2223,7.0
262,216,Bones Hyland,PG,22,DEN,42,820,14.6,0.54,0.555,0.189,1.5,10.5,6.1,21.7,1.7,1.4,12.5,28.4,,0.1,0.8,0.9,0.054,,0.7,-1.5,-0.7,0.3,hylanbo01,2223,7.0
263,216,Bones Hyland,PG,22,LAC,3,47,14.7,0.519,0.429,0.333,12.0,9.5,10.7,16.0,2.1,0.0,11.1,25.2,,0.0,0.0,0.1,0.086,,-1.6,-1.8,-3.4,0.0,hylanbo01,2223,7.0
264,217,Serge Ibaka,C,33,MIL,16,185,10.0,0.553,0.333,0.241,8.7,15.7,12.3,3.0,0.5,3.1,15.6,16.1,,0.0,0.3,0.3,0.067,,-4.5,0.1,-4.5,-0.1,ibakase01,2223,4.1
265,218,Andre Iguodala,SF,39,GSW,3,42,5.6,0.875,0.5,0.0,2.7,15.5,9.2,14.6,1.1,2.1,55.6,9.0,,0.0,0.0,0.0,0.011,,-5.9,0.6,-5.3,0.0,iguodan01,2223,1.5
266,219,Joe Ingles,SF,35,MIL,28,628,8.7,0.533,0.789,0.099,1.4,11.8,6.8,17.5,1.3,0.7,16.4,12.7,,0.2,0.8,1.1,0.081,,-2.8,0.9,-1.9,0.0,inglejo01,2223,6.7
267,220,Brandon Ingram,SF,25,NOP,27,882,16.9,0.564,0.23,0.309,1.5,15.9,8.7,23.5,1.0,1.3,13.8,30.7,,0.4,0.9,1.2,0.067,,0.9,-0.9,0.1,0.5,ingrabr01,2223,22.9
268,221,Kyrie Irving,PG,30,TOT,47,1736,22.1,0.605,0.423,0.219,3.3,12.2,7.9,24.9,1.4,1.8,9.2,29.4,,3.9,1.5,5.4,0.15,,4.6,-1.0,3.7,2.5,irvinky01,2223,27.5
269,221,Kyrie Irving,PG,30,BRK,40,1478,21.8,0.604,0.425,0.219,3.0,12.3,7.8,23.6,1.4,1.9,9.2,29.8,,3.1,1.3,4.3,0.141,,4.6,-1.0,3.6,2.1,irvinky01,2223,27.5
270,221,Kyrie Irving,PG,30,DAL,7,258,23.4,0.616,0.414,0.219,4.9,11.6,8.2,32.7,1.4,1.4,9.1,27.1,,0.9,0.2,1.1,0.2,,4.8,-0.7,4.0,0.4,irvinky01,2223,27.5
271,222,Jonathan Isaac,PF,25,ORL,11,124,20.6,0.483,0.283,0.17,13.8,26.5,20.2,7.4,5.5,3.1,6.6,21.2,,0.0,0.3,0.3,0.133,,1.1,2.9,4.0,0.2,isaacjo01,2223,5.0
272,223,Jaden Ivey,SG,20,DET,57,1716,12.3,0.528,0.341,0.386,3.5,11.0,7.1,24.0,1.4,0.8,16.4,24.4,,-0.4,0.7,0.3,0.008,,-1.5,-1.5,-3.0,-0.4,iveyja01,2223,15.4
273,224,Isaiah Jackson,C,21,IND,45,689,17.5,0.607,0.058,0.51,10.1,17.9,14.0,8.5,1.3,8.4,13.4,17.7,,0.9,0.9,1.8,0.125,,-1.7,1.8,0.0,0.4,jacksis01,2223,6.5
274,225,Jaren Jackson Jr.,C,23,MEM,43,1174,21.2,0.601,0.362,0.345,6.6,18.9,12.7,4.5,1.9,10.7,10.1,23.2,,1.7,2.7,4.4,0.18,,0.5,2.8,3.4,1.6,jacksja02,2223,17.1
275,226,Justin Jackson,SF,27,BOS,23,107,6.3,0.359,0.741,0.074,2.1,15.3,8.8,10.6,1.8,3.2,6.7,12.2,,-0.1,0.2,0.0,0.02,,-4.1,1.4,-2.7,0.0,jacksju01,2223,0.9
276,227,Quenton Jackson,PG,24,WAS,3,8,26.2,0.833,0.667,0.0,14.5,0.0,6.9,20.2,0.0,0.0,0.0,16.3,,0.1,0.0,0.1,0.317,,8.9,-2.1,6.7,0.0,jacksqu01,2223,1.7
277,228,Reggie Jackson,PG,32,TOT,56,1419,10.5,0.518,0.438,0.128,1.8,7.8,4.8,20.6,1.5,0.4,14.6,20.8,,-0.3,1.1,0.7,0.025,,-2.6,-1.0,-3.6,-0.6,jacksre01,2223,6.9
278,228,Reggie Jackson,PG,32,LAC,52,1338,10.5,0.523,0.43,0.129,1.9,7.8,4.9,20.2,1.4,0.3,15.1,20.8,,-0.3,1.0,0.7,0.024,,-2.6,-1.1,-3.7,-0.6,jacksre01,2223,6.9
279,228,Reggie Jackson,PG,32,DEN,4,81,10.9,0.433,0.559,0.118,1.5,7.0,4.3,27.0,2.4,1.1,7.7,20.8,,0.0,0.1,0.1,0.05,,-3.0,-0.4,-3.4,0.0,jacksre01,2223,6.9
280,229,LeBron James,PF,38,LAL,47,1695,24.4,0.583,0.306,0.278,3.7,20.5,12.4,33.5,1.2,1.3,11.0,33.2,,3.1,1.9,5.0,0.142,,5.6,0.6,6.1,3.5,jamesle01,2223,29.5
281,230,Ty Jerome,SG,25,GSW,40,734,13.6,0.613,0.356,0.167,1.1,9.0,5.1,22.4,1.3,0.6,10.2,15.2,,1.5,0.5,2.0,0.131,,-0.6,0.1,-0.5,0.3,jeromty01,2223,7.2
282,231,Isaiah Joe,SG,23,OKC,53,878,17.1,0.682,0.804,0.187,2.0,13.0,7.4,9.2,1.7,0.6,6.5,17.6,,2.3,0.8,3.1,0.172,,3.2,-0.1,3.2,1.1,joeis01,2223,9.1
283,232,Alize Johnson,PF,26,SAS,4,30,4.3,0.509,0.333,0.333,7.1,30.7,18.4,4.2,1.6,0.0,36.8,15.0,,-0.1,0.0,-0.1,-0.1,,-7.4,-1.9,-9.2,-0.1,johnsal02,2223,1.8
284,233,Cameron Johnson,PF,26,TOT,23,604,17.5,0.615,0.576,0.212,2.9,13.4,8.1,8.6,2.1,1.2,4.9,20.6,,1.2,0.7,1.9,0.149,,2.7,0.5,3.2,0.8,johnsca02,2223,17.0
285,233,Cameron Johnson,PF,26,PHO,17,429,17.6,0.629,0.572,0.191,3.5,13.5,8.4,9.0,1.7,1.3,5.1,19.6,,1.0,0.5,1.5,0.163,,3.3,0.5,3.8,0.6,johnsca02,2223,17.0
286,233,Cameron Johnson,PF,26,BRK,6,175,17.5,0.583,0.584,0.26,1.3,13.1,7.5,7.6,3.1,1.0,4.5,22.9,,0.2,0.2,0.4,0.116,,1.4,0.3,1.7,0.2,johnsca02,2223,17.0
287,234,Jalen Johnson,SF,21,ATL,57,817,13.4,0.55,0.338,0.258,5.4,23.9,14.6,8.2,1.5,2.7,9.5,15.3,,0.6,1.0,1.6,0.096,,-1.5,1.2,-0.3,0.4,johnsja05,2223,5.2
288,235,James Johnson,PF,35,IND,12,98,5.5,0.452,0.37,0.148,2.3,15.7,9.0,9.5,1.9,4.5,14.8,14.5,,-0.1,0.1,0.0,-0.003,,-7.2,1.8,-5.4,-0.1,johnsja01,2223,2.2
289,236,Keldon Johnson,SF,23,SAS,55,1799,15.3,0.552,0.37,0.302,2.7,14.0,8.1,13.1,1.0,0.5,9.6,27.7,,0.9,0.3,1.2,0.032,,0.7,-2.7,-2.0,0.0,johnske04,2223,21.6
290,237,Keon Johnson,SG,20,POR,31,314,7.0,0.465,0.452,0.156,3.0,9.9,6.5,16.2,2.2,1.1,18.2,24.5,,-0.7,0.2,-0.5,-0.076,,-5.3,-1.6,-6.9,-0.4,johnske07,2223,4.1
291,238,Stanley Johnson,SF,26,SAS,30,469,13.7,0.625,0.328,0.32,5.0,17.9,11.2,19.1,1.6,1.1,19.2,15.2,,0.5,0.2,0.7,0.076,,-0.7,-0.4,-1.1,0.1,johnsst04,2223,5.8
292,239,Nikola Jokić,C,27,DEN,55,1846,31.9,0.703,0.139,0.413,8.3,31.5,20.2,47.1,1.8,1.7,16.9,27.3,,9.4,2.9,12.3,0.319,,8.7,4.5,13.3,7.1,jokicni01,2223,24.5
293,240,Carlik Jones,PG,25,CHI,2,23,-1.7,0.222,0.2,0.8,5.0,9.6,7.3,10.5,0.0,0.0,12.9,14.8,,-0.1,0.0,-0.1,-0.153,,-10.5,-3.5,-14.0,-0.1,jonesca03,2223,1.5
294,241,Damian Jones,C,27,TOT,24,197,14.1,0.612,0.073,0.537,11.1,22.0,16.7,3.3,0.7,6.0,16.5,13.0,,0.2,0.3,0.5,0.117,,-2.6,0.8,-1.9,0.0,jonesda03,2223,5.3
295,241,Damian Jones,C,27,LAL,22,176,13.9,0.6,0.081,0.541,11.2,21.6,16.6,2.9,0.8,5.7,16.4,13.1,,0.2,0.2,0.4,0.112,,-2.7,0.5,-2.2,0.0,jonesda03,2223,5.3
296,241,Damian Jones,C,27,UTA,2,21,15.9,0.717,0.0,0.5,10.5,25.7,18.1,6.5,0.0,7.8,17.0,11.7,,0.0,0.0,0.1,0.151,,-2.2,2.8,0.6,0.0,jonesda03,2223,5.3
297,242,Derrick Jones Jr.,SF,25,CHI,48,705,13.9,0.608,0.316,0.391,7.6,11.5,9.6,5.5,1.5,4.0,8.9,13.9,,1.1,0.9,2.0,0.138,,-1.1,0.9,-0.2,0.3,jonesde02,2223,4.9
298,243,Herbert Jones,SF,24,NOP,46,1319,11.3,0.536,0.337,0.351,5.2,10.0,7.6,10.0,2.7,2.2,12.6,14.9,,0.6,1.8,2.3,0.085,,-2.6,1.7,-0.9,0.4,joneshe01,2223,9.5
299,244,Kai Jones,C,22,CHO,29,258,11.5,0.582,0.183,0.233,8.0,14.8,11.3,2.6,1.5,4.1,12.0,12.1,,0.2,0.3,0.4,0.081,,-3.6,0.1,-3.5,-0.1,joneska01,2223,2.6
300,245,Tre Jones,PG,23,SAS,52,1524,15.0,0.514,0.224,0.217,3.0,10.9,6.8,29.6,2.1,0.4,12.4,20.0,,1.3,0.6,1.8,0.058,,-0.7,-1.0,-1.8,0.1,jonestr01,2223,12.6
301,246,Tyus Jones,PG,26,MEM,60,1368,15.6,0.542,0.455,0.142,1.7,8.4,5.0,27.0,2.1,0.3,9.1,17.8,,2.2,1.7,3.9,0.138,,1.0,0.6,1.5,1.2,jonesty01,2223,10.1
302,247,DeAndre Jordan,C,34,DEN,34,498,14.2,0.732,0.01,0.427,9.8,28.5,19.5,8.1,0.8,4.0,26.9,13.6,,0.4,0.7,1.1,0.106,,-2.7,0.6,-2.0,0.0,jordade01,2223,4.8
303,248,Cory Joseph,PG,31,DET,43,686,10.1,0.495,0.457,0.207,1.6,7.6,4.5,27.9,1.3,0.8,13.5,14.6,,0.4,0.2,0.6,0.042,,-2.4,-0.9,-3.3,-0.2,josepco01,2223,5.4
304,249,Nikola Jović,PF,19,MIA,15,204,10.7,0.53,0.507,0.275,4.9,13.0,8.8,7.4,1.7,1.0,11.4,18.9,,0.0,0.3,0.3,0.061,,-3.5,0.0,-3.5,-0.1,jovicni01,2223,5.5
305,250,Johnny Juzang,SF,21,UTA,1,15,0.9,0.255,0.8,0.4,0.0,7.2,3.6,0.0,3.2,5.5,0.0,16.4,,-0.1,0.0,0.0,-0.126,,-7.1,1.9,-5.2,0.0,juzanjo01,2223,4.8
306,251,Mfiondu Kabengele,PF,25,BOS,2,14,5.6,0.5,0.5,0.0,23.9,15.5,19.7,0.0,0.0,0.0,33.3,9.4,,0.0,0.0,0.0,0.058,,-8.1,-4.7,-12.8,0.0,kabenmf01,2223,1.0
307,252,Frank Kaminsky,C,29,TOT,30,205,14.8,0.652,0.519,0.308,2.1,20.3,11.1,17.6,1.4,1.4,13.2,14.0,,0.4,0.2,0.6,0.139,,0.6,1.9,2.5,0.2,kaminfr01,2223,1.5
308,252,Frank Kaminsky,C,29,ATL,26,176,15.0,0.72,0.523,0.273,1.8,20.5,11.1,15.5,1.4,0.5,15.4,14.0,,0.4,0.2,0.6,0.151,,0.8,1.7,2.5,0.2,kaminfr01,2223,1.5
309,252,Frank Kaminsky,C,29,HOU,4,29,13.4,0.307,0.5,0.5,3.7,19.0,11.3,30.4,1.7,6.8,0.0,13.9,,0.0,0.0,0.0,0.063,,-0.4,3.0,2.6,0.0,kaminfr01,2223,1.5
310,253,Trevor Keels,SG,19,NYK,1,1,-26.7,0.0,1.0,0.0,0.0,100.0,54.1,0.0,0.0,0.0,0.0,42.9,,0.0,0.0,0.0,-0.813,,-36.2,-8.4,-44.6,0.0,keelstr01,2223,1.5
311,254,Luke Kennard,SG,26,TOT,39,815,10.5,0.626,0.639,0.103,1.0,11.2,6.1,7.4,1.1,0.4,11.0,14.6,,0.7,0.7,1.4,0.081,,-1.3,-0.1,-1.4,0.1,kennalu01,2223,7.1
312,254,Luke Kennard,SG,26,LAC,35,725,10.6,0.623,0.626,0.095,0.9,11.8,6.4,7.3,1.3,0.5,12.0,15.1,,0.5,0.6,1.1,0.073,,-1.4,0.0,-1.4,0.1,kennalu01,2223,7.1
313,254,Luke Kennard,SG,26,MEM,4,90,9.7,0.652,0.773,0.182,1.2,5.8,3.5,8.3,0.0,0.0,0.0,10.8,,0.2,0.1,0.3,0.145,,-0.7,-0.5,-1.2,0.0,kennalu01,2223,7.1
314,255,Walker Kessler,C,21,UTA,60,1308,21.0,0.694,0.003,0.404,14.9,25.1,20.0,5.3,0.9,8.2,11.5,12.9,,3.4,2.0,5.4,0.198,,1.0,1.6,2.7,1.5,kesslwa01,2223,8.5
315,256,Braxton Key,SF,25,DET,3,9,18.6,1.064,0.0,2.0,0.0,12.7,6.1,0.0,0.0,0.0,0.0,8.8,,0.0,0.0,0.0,0.242,,2.2,0.7,2.9,0.0,keybr01,2223,1.3
316,257,Corey Kispert,SF,23,WAS,53,1427,10.4,0.635,0.657,0.163,1.8,9.2,5.6,6.0,1.0,0.4,9.1,13.0,,1.6,0.8,2.4,0.081,,-1.0,-0.8,-1.8,0.1,kispeco01,2223,9.5
317,258,Maxi Kleber,C,31,DAL,23,588,9.6,0.624,0.609,0.145,3.7,12.0,7.8,5.4,0.6,3.5,10.0,10.0,,0.6,0.4,1.0,0.081,,-1.5,0.2,-1.3,0.1,klebima01,2223,6.4
318,259,Nathan Knight,PF,25,MIN,34,276,14.9,0.661,0.28,0.707,8.7,12.3,10.5,6.4,1.5,1.9,16.2,18.1,,0.4,0.3,0.7,0.124,,-1.8,-0.9,-2.7,0.0,knighna01,2223,3.8
319,260,Kevin Knox,PF-SF,23,TOT,47,617,10.0,0.604,0.652,0.19,3.9,16.6,10.1,3.6,1.1,1.7,13.8,15.9,,0.2,0.3,0.5,0.042,,-2.4,-0.9,-3.4,-0.2,knoxke01,2223,0.9
320,260,Kevin Knox,PF,23,DET,42,593,10.4,0.612,0.648,0.184,3.6,16.9,10.1,3.7,1.1,1.8,14.2,16.1,,0.2,0.3,0.5,0.044,,-2.1,-0.8,-2.9,-0.1,knoxke01,2223,0.9
321,260,Kevin Knox,SF,23,POR,5,24,1.1,0.34,0.8,0.4,9.8,9.6,9.7,0.0,0.0,0.0,0.0,10.7,,0.0,0.0,0.0,-0.018,,-10.0,-5.2,-15.2,-0.1,knoxke01,2223,0.9
322,261,Christian Koloko,C,22,TOR,46,663,11.4,0.529,0.071,0.421,11.3,14.0,12.5,4.4,1.0,7.1,10.8,10.7,,0.6,0.8,1.4,0.101,,-4.5,0.3,-4.1,-0.4,kolokch01,2223,3.4
323,262,John Konchar,SG,26,MEM,52,1142,10.8,0.552,0.556,0.104,4.1,17.9,11.0,7.7,2.2,1.0,9.7,10.8,,0.8,1.9,2.7,0.115,,-1.7,2.1,0.5,0.7,konchjo01,2223,5.7
324,263,Furkan Korkmaz,SG,25,PHI,25,255,9.1,0.523,0.449,0.372,2.8,10.4,6.7,10.0,1.2,1.1,14.2,18.5,,-0.1,0.2,0.1,0.019,,-3.2,-1.2,-4.4,-0.1,korkmfu01,2223,3.9
325,264,Luke Kornet,C,27,BOS,53,613,17.5,0.737,0.074,0.279,11.7,14.9,13.3,8.1,0.8,5.6,12.2,11.1,,1.8,0.9,2.7,0.209,,0.0,1.5,1.5,0.5,kornelu01,2223,3.7
326,265,Vit Krejci,PG,22,ATL,22,122,6.4,0.469,0.621,0.069,1.8,10.8,6.2,12.0,1.2,0.7,11.8,11.7,,0.0,0.1,0.0,0.019,,-4.3,0.4,-3.9,-0.1,krejcvi01,2223,1.3
327,266,Jonathan Kuminga,PF,20,GSW,50,988,10.9,0.565,0.304,0.278,5.0,12.3,8.7,12.8,1.1,1.9,16.3,19.5,,0.0,0.9,0.9,0.044,,-3.1,-0.5,-3.6,-0.4,kuminjo01,2223,9.2
328,267,Kyle Kuzma,PF,27,WAS,56,1967,14.4,0.54,0.424,0.202,3.1,19.6,11.7,17.0,0.7,1.2,13.0,28.1,,-0.7,1.8,1.1,0.026,,0.0,-1.4,-1.5,0.3,kuzmaky01,2223,21.4
329,268,Anthony Lamb,SF,25,GSW,47,934,11.2,0.628,0.642,0.177,5.1,14.0,9.6,11.7,1.2,1.3,14.9,13.8,,1.0,0.9,1.9,0.097,,-1.2,0.4,-0.8,0.3,lamban01,2223,7.0
330,269,Jock Landale,C,27,PHO,53,750,16.5,0.588,0.301,0.348,13.6,18.9,16.2,9.3,0.9,2.9,13.7,19.4,,1.1,0.9,2.0,0.13,,-0.8,-0.5,-1.3,0.1,landajo01,2223,6.5
331,270,Romeo Langford,SG,23,SAS,32,646,11.4,0.538,0.225,0.181,7.6,8.2,7.9,9.1,1.2,1.4,9.1,15.5,,0.5,0.1,0.5,0.041,,-1.7,-1.7,-3.4,-0.2,langfro01,2223,7.3
332,271,Jake LaRavia,PF,21,MEM,31,386,6.6,0.528,0.724,0.103,4.3,11.6,8.0,6.7,1.5,0.9,16.5,11.6,,0.0,0.5,0.5,0.057,,-4.2,0.8,-3.4,-0.1,laravja01,2223,3.1
333,272,Zach LaVine,SG,27,CHI,58,2081,18.0,0.597,0.41,0.307,1.6,13.1,7.5,17.5,1.3,0.6,11.4,27.8,,2.5,2.2,4.7,0.108,,2.0,-0.6,1.4,1.8,lavinza01,2223,24.7
334,273,A.J. Lawson,SG,22,TOT,13,63,14.3,0.622,0.615,0.115,3.7,15.1,9.3,2.6,0.8,0.0,3.5,20.3,,0.1,0.0,0.1,0.091,,-0.7,-2.1,-2.7,0.0,lawsoaj01,2223,2.7
335,273,A.J. Lawson,SG,22,MIN,1,2,34.7,1.0,0.0,0.0,0.0,54.8,28.0,0.0,0.0,0.0,0.0,21.3,,0.0,0.0,0.0,0.381,,-2.3,7.6,5.3,0.0,lawsoaj01,2223,2.7
336,273,A.J. Lawson,SG,22,DAL,12,61,13.6,0.608,0.64,0.12,3.8,13.8,8.7,2.7,0.8,0.0,3.7,20.3,,0.1,0.0,0.1,0.081,,-0.6,-2.4,-3.0,0.0,lawsoaj01,2223,2.7
337,274,Damion Lee,SG,30,PHO,62,1353,10.9,0.608,0.565,0.248,2.5,13.8,8.0,9.5,1.0,0.5,13.6,16.2,,1.1,1.3,2.4,0.085,,-1.2,-0.4,-1.6,0.1,leeda03,2223,8.5
338,275,Saben Lee,PG,23,TOT,20,294,13.4,0.554,0.226,0.536,3.7,10.0,6.8,25.1,2.5,0.3,18.1,18.4,,0.2,0.3,0.6,0.096,,-2.6,0.8,-1.7,0.0,leesa01,2223,5.6
339,275,Saben Lee,PG,23,PHI,2,10,12.9,0.75,0.25,0.0,0.0,0.0,0.0,37.6,4.9,0.0,42.9,31.2,,0.0,0.0,0.0,-0.092,,-3.8,-0.6,-4.4,0.0,leesa01,2223,5.6
340,275,Saben Lee,PG,23,PHO,18,284,13.5,0.546,0.225,0.563,3.8,10.4,7.0,24.7,2.4,0.3,16.7,18.0,,0.3,0.3,0.6,0.103,,-2.5,0.9,-1.6,0.0,leesa01,2223,5.6
341,276,Alex Len,C,29,SAC,14,48,5.3,0.553,0.1,0.4,9.8,26.0,18.0,13.1,0.0,0.0,33.8,15.9,,0.0,0.0,0.0,-0.018,,-7.8,-0.5,-8.3,-0.1,lenal01,2223,0.8
342,277,Kawhi Leonard,SF,31,LAC,37,1225,23.9,0.614,0.277,0.309,4.0,16.6,10.3,20.7,2.0,1.5,7.7,26.9,,3.5,1.5,5.0,0.195,,4.9,0.9,5.8,2.4,leonaka01,2223,23.3
343,278,Meyers Leonard,C,30,MIL,3,22,16.3,0.698,0.857,0.286,9.7,22.8,16.5,0.0,2.2,0.0,11.3,16.9,,0.1,0.0,0.1,0.203,,1.4,1.4,2.8,0.0,leoname01,2223,2.8
344,279,Caris LeVert,SG,28,CLE,58,1738,11.3,0.517,0.412,0.244,2.7,12.4,7.6,18.7,1.4,0.7,12.8,19.2,,0.4,2.3,2.6,0.073,,-1.8,0.4,-1.4,0.3,leverca01,2223,11.5
345,280,Kira Lewis Jr.,PG,21,NOP,15,159,16.1,0.621,0.361,0.246,2.8,17.8,10.2,13.9,1.5,0.6,10.6,20.2,,0.3,0.2,0.5,0.138,,0.4,0.1,0.6,0.1,lewiski01,2223,5.5
346,281,Damian Lillard,PG,32,POR,48,1739,27.3,0.651,0.547,0.442,2.2,11.5,6.9,34.5,1.2,0.7,11.3,33.5,,7.6,0.8,8.4,0.232,,8.6,-1.3,7.4,4.1,lillada01,2223,32.1
347,282,Nassir Little,SF,22,POR,40,689,12.4,0.602,0.549,0.172,3.1,14.2,8.7,7.8,1.1,1.9,8.7,15.2,,0.7,0.4,1.2,0.081,,0.3,-1.0,-0.7,0.2,littlna01,2223,6.3
348,283,Isaiah Livers,PF,24,DET,40,841,7.6,0.571,0.775,0.154,2.4,9.9,6.1,4.1,1.1,2.3,10.6,10.9,,0.3,0.3,0.6,0.035,,-2.3,-0.1,-2.4,-0.1,liveris01,2223,6.1
349,284,Kenneth Lofton Jr.,PF,20,MEM,10,36,9.0,0.428,0.2,0.25,2.9,11.6,7.3,20.5,1.3,0.0,8.3,27.5,,-0.1,0.0,0.0,-0.018,,-5.3,-1.0,-6.4,0.0,loftoke01,2223,1.8
350,285,Kevon Looney,C,26,GSW,62,1455,18.0,0.669,0.0,0.407,15.0,27.4,21.3,14.1,1.1,2.2,8.5,10.2,,4.7,1.9,6.6,0.218,,1.1,1.2,2.2,1.5,looneke01,2223,7.0
351,286,Brook Lopez,C,34,MIL,60,1820,17.2,0.612,0.44,0.193,7.1,15.5,11.4,5.8,0.7,6.6,10.1,18.5,,2.6,3.2,5.8,0.153,,0.3,1.4,1.7,1.7,lopezbr01,2223,15.2
352,287,Robin Lopez,C,34,CLE,32,245,11.0,0.692,0.052,0.276,9.3,10.0,9.6,8.2,0.2,1.5,24.4,15.7,,0.2,0.2,0.4,0.087,,-3.2,-0.1,-3.3,-0.1,lopezro01,2223,2.7
353,288,Kevin Love,PF,34,TOT,44,890,13.7,0.547,0.695,0.211,6.0,34.4,20.3,13.2,0.5,1.0,12.5,19.3,,0.6,1.5,2.1,0.112,,0.8,0.7,1.5,0.8,loveke01,2223,7.5
354,288,Kevin Love,PF,34,CLE,41,821,13.7,0.555,0.684,0.221,6.1,33.9,20.1,13.0,0.4,0.8,13.1,19.6,,0.6,1.4,1.9,0.113,,0.8,0.6,1.4,0.7,loveke01,2223,7.5
355,288,Kevin Love,PF,34,MIA,3,69,13.1,0.44,0.826,0.087,4.8,40.3,21.7,16.5,1.4,3.0,4.0,15.9,,0.0,0.1,0.2,0.107,,-0.3,2.2,1.9,0.1,loveke01,2223,7.5
356,289,Kyle Lowry,PG,36,MIA,44,1464,12.3,0.552,0.632,0.274,2.9,12.6,7.5,23.0,1.7,1.2,15.4,17.0,,1.1,1.8,2.9,0.094,,-1.0,1.0,-0.1,0.7,lowryky01,2223,12.0
357,290,Trey Lyles,PF,27,SAC,55,889,15.0,0.617,0.57,0.304,6.9,19.1,13.1,7.1,1.1,2.4,11.9,18.2,,1.2,0.8,2.0,0.109,,0.4,-0.9,-0.6,0.3,lylestr01,2223,7.9
358,291,Théo Maledon,PG,21,CHO,36,581,12.2,0.551,0.401,0.357,1.6,14.5,7.8,19.6,2.2,0.9,16.2,15.5,,0.3,0.5,0.8,0.069,,-2.4,0.7,-1.6,0.1,maledth01,2223,5.6
359,292,Sandro Mamukelashvili,C,23,MIL,24,217,8.6,0.432,0.552,0.31,8.9,17.5,13.4,9.5,0.9,1.9,12.0,14.5,,-0.1,0.3,0.3,0.056,,-4.0,0.4,-3.6,-0.1,mamuksa01,2223,7.7
360,293,Terance Mann,SG,26,LAC,63,1477,13.9,0.621,0.365,0.211,4.5,13.0,8.8,13.7,1.1,1.2,11.5,15.4,,2.4,1.3,3.6,0.118,,-0.1,0.2,0.1,0.8,mannte01,2223,9.1
361,294,Tre Mann,PG,21,OKC,55,1003,9.5,0.483,0.524,0.1,2.4,11.2,6.7,12.4,1.6,0.9,10.2,20.8,,-0.7,0.9,0.2,0.01,,-3.2,-1.1,-4.3,-0.6,manntr01,2223,7.9
362,295,Boban Marjanović,C,34,HOU,21,94,29.2,0.724,0.024,0.561,12.7,25.7,19.2,8.0,0.5,1.0,10.5,25.1,,0.4,0.0,0.4,0.227,,6.8,-1.6,5.2,0.2,marjabo01,2223,3.3
363,296,Lauri Markkanen,SF,25,UTA,57,1959,22.6,0.656,0.446,0.349,5.9,21.0,13.6,8.4,0.9,1.4,8.9,25.8,,6.0,1.7,7.7,0.19,,5.1,-0.9,4.2,3.0,markkla01,2223,25.4
364,297,Naji Marshall,SF,25,NOP,57,1402,11.7,0.536,0.399,0.304,3.2,14.0,8.5,14.0,1.6,0.9,12.4,17.4,,0.6,1.5,2.0,0.07,,-1.6,0.0,-1.6,0.1,marshna01,2223,9.5
365,298,Caleb Martin,PF,27,MIA,52,1563,11.4,0.56,0.437,0.195,4.9,15.3,9.9,7.9,1.7,1.5,11.0,14.8,,0.8,2.1,2.9,0.089,,-1.9,0.7,-1.3,0.3,martica02,2223,10.2
366,299,Cody Martin,SF,27,CHO,7,134,8.8,0.448,0.389,0.194,6.1,13.1,9.5,10.8,1.4,0.7,4.9,12.8,,0.0,0.1,0.1,0.043,,-3.7,-1.0,-4.7,-0.1,martico01,2223,5.0
367,300,Kenyon Martin Jr.,SF,22,HOU,61,1621,15.3,0.626,0.318,0.306,6.2,16.8,11.5,9.1,0.9,1.5,10.8,16.5,,2.7,0.6,3.3,0.097,,0.4,-1.1,-0.7,0.5,martike04,2223,12.1
368,301,Tyrese Martin,SG,23,ATL,13,45,6.4,0.444,0.313,0.125,4.8,9.7,7.2,0.0,1.1,0.0,5.6,16.8,,0.0,0.0,0.0,-0.022,,-5.1,-2.3,-7.4,-0.1,martity01,2223,1.2
369,302,Garrison Mathews,SG,26,TOT,47,608,9.3,0.569,0.912,0.263,1.8,9.6,5.7,5.2,1.8,0.6,8.6,14.2,,0.5,0.2,0.7,0.059,,-2.3,-0.2,-2.4,-0.1,mathega01,2223,1.5
370,302,Garrison Mathews,SG,26,HOU,45,602,9.1,0.564,0.912,0.265,1.8,9.5,5.6,5.2,1.8,0.7,8.7,14.3,,0.5,0.2,0.7,0.057,,-2.4,-0.2,-2.6,-0.1,mathega01,2223,1.5
371,302,Garrison Mathews,SG,26,ATL,2,6,21.8,1.5,1.0,0.0,0.0,18.3,9.0,0.0,0.0,0.0,0.0,7.0,,0.0,0.0,0.0,0.215,,9.3,1.6,10.9,0.0,mathega01,2223,1.5
372,303,Bennedict Mathurin,SF,20,IND,63,1778,13.6,0.561,0.339,0.465,4.4,11.6,8.0,7.7,1.0,0.3,10.6,25.4,,1.0,0.8,1.8,0.048,,-0.9,-2.4,-3.3,-0.6,mathube01,2223,16.6
373,304,Wesley Matthews,SG,36,MIL,39,608,6.5,0.497,0.805,0.169,5.3,9.4,7.4,4.1,1.3,1.4,10.6,9.8,,0.1,0.8,0.9,0.071,,-3.7,1.0,-2.6,-0.1,matthwe02,2223,3.2
374,305,Tyrese Maxey,SG,22,PHI,41,1334,15.6,0.564,0.38,0.25,1.5,8.3,5.0,17.7,1.2,0.3,7.6,25.6,,1.5,1.1,2.6,0.094,,0.3,-1.5,-1.2,0.3,maxeyty01,2223,20.1
375,306,Miles McBride,PG,22,NYK,49,596,7.1,0.455,0.64,0.195,1.8,5.8,3.8,12.4,2.2,0.3,10.5,14.3,,-0.2,0.5,0.4,0.03,,-4.4,1.1,-3.3,-0.2,mcbrimi01,2223,3.2
376,307,CJ McCollum,SG,31,NOP,55,1926,15.8,0.538,0.407,0.171,2.5,11.2,6.8,26.0,1.3,1.5,11.8,26.8,,1.0,1.8,2.8,0.071,,1.8,-0.9,0.9,1.4,mccolcj01,2223,21.2
377,308,T.J. McConnell,PG,30,IND,60,1168,15.6,0.57,0.113,0.126,3.2,13.3,8.3,37.2,2.4,0.4,20.9,18.2,,1.2,1.0,2.2,0.089,,-0.2,0.1,-0.2,0.6,mccontj01,2223,7.8
378,309,Jaden McDaniels,PF,22,MIN,61,1868,12.0,0.612,0.377,0.194,4.7,9.6,7.2,8.9,1.5,2.8,13.2,15.1,,1.6,1.9,3.5,0.09,,-1.6,0.6,-1.0,0.5,mcdanja02,2223,11.6
379,310,Jalen McDaniels,SF,25,TOT,62,1590,11.7,0.55,0.399,0.215,3.4,16.6,9.8,10.2,2.1,1.6,12.5,17.0,,0.3,1.7,2.0,0.06,,-2.5,0.5,-2.1,0.0,mcdanja01,2223,6.1
380,310,Jalen McDaniels,SF,25,CHO,56,1494,11.7,0.551,0.409,0.211,3.0,16.5,9.6,10.4,2.1,1.7,12.9,17.3,,0.2,1.5,1.7,0.056,,-2.6,0.5,-2.1,0.0,mcdanja01,2223,6.1
381,310,Jalen McDaniels,SF,25,PHI,6,96,10.9,0.518,0.182,0.318,9.9,16.9,13.4,8.6,1.5,0.0,3.8,12.1,,0.1,0.1,0.2,0.12,,-1.8,0.2,-1.7,0.0,mcdanja01,2223,6.1
382,311,Doug McDermott,SF,31,SAS,54,1114,10.8,0.591,0.565,0.118,1.5,10.4,5.8,9.7,0.4,0.4,10.1,18.8,,0.8,-0.1,0.7,0.029,,-0.8,-2.7,-3.6,-0.4,mcderdo01,2223,9.9
383,312,JaVale McGee,C,35,DAL,36,293,16.4,0.612,0.038,0.302,11.0,26.6,18.7,5.7,0.7,6.5,20.5,23.4,,-0.1,0.4,0.3,0.057,,-4.2,-0.4,-4.6,-0.2,mcgeeja01,2223,4.1
384,313,Bryce McGowens,SG,20,CHO,27,387,6.9,0.494,0.347,0.295,2.4,10.2,6.2,9.0,0.9,0.9,12.3,13.2,,-0.1,0.2,0.1,0.01,,-4.3,-1.7,-6.0,-0.4,mcgowbr01,2223,3.8
385,314,Rodney McGruder,SG,31,DET,22,248,8.4,0.524,0.714,0.206,5.2,8.7,6.9,8.3,1.2,0.0,9.2,12.9,,0.1,0.0,0.2,0.034,,-1.6,-1.4,-3.0,-0.1,mcgruro01,2223,3.7
386,315,Jordan McLaughlin,PG,26,MIN,27,413,11.9,0.514,0.516,0.11,3.9,8.2,6.1,24.7,2.5,0.6,18.7,12.1,,0.3,0.4,0.7,0.084,,-1.3,0.9,-0.4,0.2,mclaujo01,2223,3.6
387,316,De'Anthony Melton,PG,24,PHI,57,1606,12.8,0.563,0.61,0.12,3.9,12.9,8.5,13.4,2.9,1.8,12.9,16.7,,0.8,2.4,3.2,0.094,,-0.7,1.6,0.9,1.2,meltode01,2223,10.3
388,317,Chimezie Metu,C,25,SAC,48,535,17.0,0.652,0.194,0.261,8.5,24.2,16.5,9.2,1.5,2.4,13.2,17.0,,1.0,0.6,1.6,0.143,,-0.4,0.2,-0.1,0.2,metuch01,2223,4.9
389,318,Khris Middleton,SF,31,MIL,20,430,16.7,0.536,0.42,0.225,3.5,16.1,10.0,30.6,1.6,0.6,14.5,29.0,,0.2,0.6,0.9,0.098,,0.3,0.3,0.6,0.3,middlkh01,2223,13.6
390,319,Patty Mills,PG,34,BRK,36,479,11.1,0.556,0.644,0.119,1.7,6.4,4.2,13.9,1.3,0.4,10.6,19.4,,0.2,0.3,0.4,0.043,,-1.0,-1.8,-2.8,-0.1,millspa02,2223,6.1
391,320,Shake Milton,SG,26,PHI,56,1158,12.9,0.587,0.282,0.24,2.8,11.8,7.3,20.6,0.8,0.7,14.7,18.9,,1.1,1.0,2.1,0.088,,-1.1,-0.8,-2.0,0.0,miltosh01,2223,8.5
392,321,Josh Minott,SF,20,MIN,11,68,22.9,0.59,0.148,0.222,8.4,27.4,18.1,6.5,2.1,7.9,0.0,18.6,,0.2,0.1,0.3,0.223,,0.3,0.9,1.2,0.1,minotjo01,2223,2.9
393,322,Davion Mitchell,PG,24,SAC,60,1083,9.2,0.545,0.482,0.083,1.4,6.9,4.2,15.6,1.4,1.0,13.6,14.3,,0.4,0.6,1.0,0.046,,-2.4,-0.5,-2.9,-0.2,mitchda01,2223,5.7
394,323,Donovan Mitchell,SG,26,CLE,53,1875,23.0,0.615,0.475,0.262,3.1,10.2,6.7,23.2,2.2,1.0,10.9,31.4,,4.4,2.7,7.1,0.182,,5.7,0.8,6.5,4.0,mitchdo01,2223,27.7
395,324,Evan Mobley,PF,21,CLE,62,2117,17.3,0.592,0.112,0.313,8.2,22.3,15.3,11.8,1.2,3.6,13.2,20.4,,2.5,3.7,6.2,0.141,,-0.3,1.4,1.1,1.6,mobleev01,2223,16.0
396,325,Isaiah Mobley,PF,23,CLE,9,26,14.7,0.563,0.25,0.0,4.6,45.0,25.0,0.0,1.9,0.0,0.0,13.8,,0.0,0.1,0.1,0.152,,-0.1,1.4,1.3,0.0,mobleis01,2223,1.0
397,326,Chima Moneke,SF,27,SAC,2,8,-3.5,0.347,0.0,1.0,29.3,0.0,14.4,16.1,0.0,0.0,41.0,26.1,,0.0,0.0,0.0,-0.284,,-12.6,-8.0,-20.7,0.0,monekch01,2223,1.0
398,327,Malik Monk,SG,24,SAC,58,1316,16.5,0.586,0.48,0.249,2.6,10.5,6.6,24.5,1.3,0.8,14.6,26.2,,1.5,0.8,2.3,0.085,,1.4,-1.7,-0.3,0.5,monkma01,2223,13.7
399,328,Moses Moody,SG,20,GSW,48,657,9.2,0.566,0.626,0.242,3.4,9.3,6.4,8.3,1.1,0.7,12.2,14.7,,0.3,0.5,0.7,0.053,,-2.3,-1.0,-3.3,-0.2,moodymo01,2223,4.6
400,329,Wendell Moore Jr.,SG,21,MIN,24,139,7.9,0.459,0.432,0.135,1.6,11.0,6.4,14.8,2.0,3.2,16.9,14.5,,-0.1,0.2,0.0,0.011,,-4.4,1.0,-3.4,0.0,moorewe01,2223,1.5
401,330,Ja Morant,PG,23,MEM,51,1662,23.7,0.555,0.249,0.407,3.6,15.7,9.6,41.5,1.6,0.7,12.4,35.2,,3.1,2.3,5.5,0.158,,5.5,0.6,6.1,3.4,moranja01,2223,27.1
402,331,Marcus Morris,PF,33,LAC,56,1599,11.3,0.542,0.486,0.144,1.7,14.4,8.1,9.2,1.1,1.2,7.5,18.3,,0.6,1.5,2.1,0.063,,-1.4,-0.2,-1.6,0.2,morrima03,2223,11.7
403,332,Markieff Morris,PF,33,TOT,29,299,10.3,0.554,0.612,0.118,5.1,16.9,11.2,11.5,1.5,1.4,14.4,15.6,,0.1,0.3,0.4,0.066,,-2.1,-0.2,-2.3,0.0,morrima02,2223,1.5
404,332,Markieff Morris,PF,33,BRK,27,285,10.8,0.556,0.598,0.122,5.4,17.7,11.8,11.6,1.4,1.5,13.9,15.7,,0.1,0.3,0.4,0.071,,-1.7,-0.3,-2.1,0.0,morrima02,2223,1.5
405,332,Markieff Morris,PF,33,DAL,2,14,-0.2,0.5,1.0,0.0,0.0,0.0,0.0,9.6,3.6,0.0,25.0,12.9,,0.0,0.0,0.0,-0.031,,-10.1,2.0,-8.1,0.0,morrima02,2223,1.5
406,333,Monte Morris,PG,27,WAS,51,1433,14.8,0.588,0.405,0.16,1.6,11.4,6.7,25.8,1.3,0.5,10.0,15.2,,2.8,1.0,3.8,0.127,,0.8,-0.3,0.5,0.9,morrimo01,2223,10.2
407,334,Trey Murphy III,SF,22,NOP,59,1715,13.9,0.63,0.597,0.221,3.0,11.0,6.9,6.2,1.6,1.6,7.5,16.0,,2.8,1.8,4.5,0.127,,0.6,0.1,0.7,1.2,murphtr02,2223,12.8
408,335,Dejounte Murray,SG,26,ATL,57,2075,17.6,0.546,0.313,0.131,2.1,14.3,8.1,24.4,2.0,0.7,10.4,24.8,,1.9,1.9,3.8,0.089,,1.6,0.0,1.6,1.9,murrade01,2223,20.9
409,336,Jamal Murray,PG,25,DEN,49,1595,18.4,0.569,0.395,0.223,2.9,11.3,7.2,26.6,1.5,0.5,10.7,26.4,,2.7,1.4,4.1,0.122,,2.7,-1.4,1.3,1.3,murraja01,2223,20.2
410,337,Keegan Murray,SF,22,SAC,59,1761,12.2,0.593,0.622,0.114,4.5,13.3,9.0,5.1,1.2,1.6,7.6,15.8,,1.7,1.3,3.1,0.083,,0.4,-1.0,-0.6,0.6,murrake02,2223,11.9
411,338,Mike Muscala,C,31,TOT,47,710,13.8,0.606,0.708,0.174,3.6,19.4,11.3,7.5,0.8,2.7,5.9,16.0,,1.1,0.8,1.9,0.13,,0.4,-0.3,0.1,0.4,muscami01,2223,5.7
412,338,Mike Muscala,C,31,OKC,43,622,13.9,0.602,0.7,0.192,3.9,19.7,11.6,8.1,0.8,2.8,6.0,15.7,,1.0,0.7,1.7,0.134,,0.4,-0.2,0.1,0.3,muscami01,2223,5.7
413,338,Mike Muscala,C,31,BOS,4,88,13.4,0.635,0.758,0.061,1.3,17.3,9.4,3.3,0.6,1.9,5.6,17.8,,0.1,0.1,0.2,0.105,,0.4,-0.6,-0.2,0.0,muscami01,2223,5.7
414,339,Svi Mykhailiuk,SF,25,TOT,15,71,10.2,0.597,0.64,0.24,1.4,12.2,6.8,4.0,0.7,0.0,12.6,18.8,,0.0,0.0,0.0,0.032,,-1.0,-1.6,-2.7,0.0,mykhasv01,2223,4.4
415,339,Svi Mykhailiuk,SF,25,NYK,13,40,16.1,0.739,0.833,0.417,0.0,18.9,9.5,3.6,1.2,0.0,12.3,17.4,,0.1,0.0,0.1,0.148,,3.5,0.5,4.0,0.1,mykhasv01,2223,4.4
416,339,Svi Mykhailiuk,SF,25,CHO,2,31,2.7,0.446,0.462,0.077,3.3,3.5,3.4,4.6,0.0,0.0,13.0,20.8,,-0.1,0.0,-0.1,-0.117,,-6.9,-4.4,-11.2,-0.1,mykhasv01,2223,4.4
417,340,Larry Nance Jr.,PF,30,NOP,50,1113,17.0,0.654,0.144,0.27,9.0,20.9,14.9,11.8,1.9,2.9,11.2,12.7,,2.4,1.6,4.0,0.173,,0.5,1.8,2.2,1.2,nancela02,2223,7.7
418,341,Andrew Nembhard,SG,23,IND,56,1514,8.6,0.511,0.468,0.075,2.0,9.0,5.5,20.5,1.7,0.6,17.3,14.7,,-0.2,0.8,0.7,0.021,,-3.0,-0.2,-3.2,-0.5,nembhan01,2223,8.0
419,342,Aaron Nesmith,SF,23,IND,56,1374,10.0,0.557,0.528,0.23,3.6,13.1,8.4,6.9,1.5,1.5,9.7,16.7,,0.6,1.0,1.5,0.054,,-2.6,-0.4,-3.1,-0.4,nesmiaa01,2223,9.6
420,343,Raul Neto,PG,30,CLE,41,418,13.1,0.635,0.404,0.281,2.0,9.2,5.7,18.8,1.9,0.7,12.3,12.2,,0.8,0.6,1.4,0.157,,-1.3,2.2,1.0,0.3,netora01,2223,3.0
421,344,Georges Niang,PF,29,PHI,58,1125,11.5,0.61,0.769,0.082,1.8,12.7,7.3,8.4,1.0,0.9,9.2,17.6,,0.9,1.1,2.0,0.086,,0.0,-0.8,-0.9,0.3,niangge01,2223,8.5
422,345,Daishen Nix,PG,20,HOU,44,715,7.1,0.484,0.615,0.176,1.8,9.5,5.7,21.5,1.9,0.8,24.9,15.1,,-0.7,0.3,-0.4,-0.03,,-4.0,-1.0,-5.0,-0.5,nixda01,2223,4.4
423,346,Zeke Nnaji,PF,22,DEN,44,584,13.4,0.634,0.296,0.355,11.5,8.9,10.1,2.5,1.3,2.9,10.2,14.5,,1.0,0.6,1.5,0.126,,-1.9,-1.2,-3.0,-0.2,nnajize01,2223,5.1
424,347,Nerlens Noel,C,28,DET,14,152,10.0,0.465,0.067,0.333,4.9,22.5,13.5,6.2,4.1,5.2,18.9,11.8,,-0.1,0.3,0.1,0.04,,-5.0,3.0,-2.1,0.0,noelne01,2223,1.0
425,348,Jaylen Nowell,SG,23,MIN,62,1207,13.8,0.527,0.376,0.162,3.2,11.8,7.6,15.7,1.5,0.3,8.8,24.8,,0.2,1.1,1.2,0.049,,-1.3,-1.1,-2.4,-0.1,nowelja01,2223,10.9
426,349,Frank Ntilikina,PG,24,DAL,38,464,4.0,0.432,0.541,0.224,1.5,11.4,6.3,13.1,1.1,0.8,18.8,13.0,,-0.6,0.3,-0.3,-0.031,,-6.5,-1.0,-7.5,-0.6,ntilila01,2223,2.3
427,350,Kendrick Nunn,SG-PG,27,TOT,53,770,10.2,0.52,0.486,0.09,1.8,9.6,5.8,12.8,1.2,0.3,11.6,22.4,,-0.5,0.5,0.0,0.003,,-2.6,-1.7,-4.3,-0.5,nunnke01,2223,6.6
428,350,Kendrick Nunn,SG,27,LAL,39,528,8.8,0.503,0.502,0.084,1.0,9.7,5.5,9.3,1.0,0.5,10.6,23.2,,-0.6,0.4,-0.3,-0.026,,-3.4,-1.8,-5.2,-0.4,nunnke01,2223,6.6
429,350,Kendrick Nunn,PG,27,WAS,14,242,13.4,0.563,0.442,0.105,3.4,9.2,6.4,20.4,1.6,0.0,13.9,20.7,,0.2,0.2,0.3,0.064,,-0.9,-1.5,-2.3,0.0,nunnke01,2223,6.6
430,351,Jusuf Nurkić,C,28,POR,45,1227,18.0,0.598,0.226,0.381,9.8,30.3,20.1,16.1,1.6,2.8,17.5,22.3,,1.3,1.5,2.8,0.111,,-0.3,0.8,0.5,0.8,nurkiju01,2223,13.5
431,352,Jordan Nwora,SF,24,TOT,43,692,10.9,0.533,0.504,0.197,4.8,15.4,10.3,9.6,1.0,0.8,12.5,17.9,,0.1,0.9,1.0,0.068,,-1.6,-0.5,-2.1,0.0,nworajo01,2223,11.2
432,352,Jordan Nwora,SF,24,MIL,38,597,10.3,0.53,0.518,0.218,5.2,14.8,10.1,8.6,1.0,1.0,13.6,17.6,,0.0,0.8,0.8,0.067,,-2.0,-0.4,-2.4,0.0,nworajo01,2223,11.2
433,352,Jordan Nwora,SF,24,IND,5,95,14.8,0.55,0.439,0.098,2.3,19.7,11.0,16.0,1.5,0.0,6.6,20.2,,0.1,0.1,0.1,0.075,,0.8,-1.5,-0.7,0.0,nworajo01,2223,11.2
434,353,Royce O'Neale,SF,29,BRK,58,1908,9.0,0.546,0.699,0.105,2.3,13.7,8.2,14.8,1.2,1.8,16.0,13.3,,0.4,1.7,2.0,0.051,,-1.6,0.1,-1.5,0.3,onealro01,2223,8.9
435,354,Chuma Okeke,SF,24,ORL,19,404,9.4,0.504,0.693,0.239,5.9,16.0,11.0,8.6,1.3,2.2,9.3,11.5,,0.2,0.4,0.6,0.075,,-2.1,0.8,-1.3,0.1,okekech01,2223,5.0
436,355,Josh Okogie,SG,24,PHO,52,813,14.9,0.547,0.443,0.431,10.6,13.1,11.8,10.9,2.3,2.4,12.9,18.8,,0.8,1.1,1.9,0.112,,-0.3,0.7,0.4,0.5,okogijo01,2223,6.9
437,356,Onyeka Okongwu,C,22,ATL,60,1431,17.9,0.66,0.014,0.334,12.0,21.6,16.7,5.8,1.4,4.6,12.1,14.2,,3.2,1.9,5.1,0.17,,-0.7,0.8,0.1,0.8,okongon01,2223,9.2
438,357,Isaac Okoro,SF,22,CLE,64,1358,10.8,0.607,0.481,0.297,3.8,10.5,7.2,7.2,1.6,1.8,10.0,12.2,,1.5,1.9,3.4,0.12,,-1.8,1.5,-0.2,0.6,okorois01,2223,6.6
439,358,KZ Okpala,PF,23,SAC,35,248,6.2,0.554,0.553,0.211,3.3,12.4,7.9,6.3,1.3,2.4,14.4,8.4,,0.1,0.2,0.3,0.058,,-4.3,1.1,-3.2,-0.1,okpalkz01,2223,1.3
440,359,Victor Oladipo,SG,30,MIA,29,799,10.7,0.5,0.493,0.205,1.8,12.6,6.9,20.1,2.8,0.8,15.4,19.8,,-0.5,1.2,0.7,0.04,,-3.4,1.4,-2.0,0.0,oladivi01,2223,10.3
441,360,Kelly Olynyk,C,31,UTA,51,1439,13.8,0.634,0.444,0.4,4.9,16.2,10.6,15.6,1.6,1.7,19.1,17.3,,1.8,1.4,3.2,0.106,,-0.8,0.8,0.0,0.7,olynyke01,2223,12.1
442,361,Eugene Omoruyi,SF,25,OKC,23,272,10.6,0.531,0.33,0.298,8.5,12.1,10.2,5.5,2.4,0.0,13.1,18.8,,0.0,0.3,0.3,0.052,,-4.3,-0.6,-4.9,-0.2,omorueu01,2223,7.5
443,362,Cedi Osman,SF,27,CLE,60,1261,11.7,0.569,0.567,0.205,1.7,10.9,6.4,10.6,1.2,0.6,8.6,18.2,,0.9,1.5,2.5,0.094,,-1.2,0.3,-0.9,0.4,osmande01,2223,8.6
444,363,Kelly Oubre Jr.,SF,27,CHO,38,1214,14.4,0.52,0.416,0.233,4.6,12.7,8.5,5.4,2.3,0.9,6.4,26.4,,-0.1,1.1,1.0,0.041,,-0.8,-1.0,-1.7,0.1,oubreke01,2223,20.3
445,364,Chris Paul,PG,37,PHO,41,1318,17.4,0.546,0.368,0.284,1.2,13.5,7.2,39.0,2.3,1.2,14.1,19.6,,2.4,1.7,4.1,0.148,,1.6,1.2,2.9,1.6,paulch01,2223,13.5
446,365,Cameron Payne,PG,28,PHO,30,695,13.2,0.512,0.414,0.164,1.6,9.9,5.7,31.8,1.8,0.6,14.5,24.9,,0.0,0.7,0.8,0.053,,-0.6,-0.9,-1.4,0.1,payneca01,2223,11.2
447,366,Gary Payton II,PG,30,POR,15,255,11.5,0.713,0.415,0.098,4.6,13.1,8.9,11.5,3.1,0.3,21.9,9.4,,0.3,0.2,0.6,0.106,,-1.9,1.5,-0.4,0.1,paytoga02,2223,4.1
448,367,Theo Pinson,SG,27,DAL,33,238,8.6,0.501,0.712,0.186,3.9,15.6,9.6,16.7,0.8,0.4,12.4,13.9,,0.1,0.2,0.3,0.054,,-2.7,-1.2,-3.8,-0.1,pinsoth01,2223,1.8
449,368,Scotty Pippen Jr.,PG,22,LAL,6,32,9.7,0.439,0.25,0.75,6.9,6.4,6.6,8.2,2.9,2.6,11.1,23.6,,-0.1,0.0,0.0,-0.022,,-5.0,-0.9,-6.0,0.0,pippesc02,2223,2.3
450,369,Mason Plumlee,C,32,TOT,61,1699,20.1,0.683,0.0,0.669,11.8,24.9,18.2,18.1,1.1,2.0,15.2,15.3,,4.7,1.8,6.5,0.184,,1.6,0.8,2.4,1.9,plumlma01,2223,9.3
451,369,Mason Plumlee,C,32,CHO,56,1597,20.1,0.673,0.0,0.646,12.0,24.2,17.9,18.4,1.0,1.9,14.6,15.5,,4.4,1.6,6.0,0.181,,1.6,0.7,2.3,1.8,plumlma01,2223,9.3
452,369,Mason Plumlee,C,32,LAC,5,102,19.5,0.924,0.0,1.417,8.8,34.9,22.0,14.8,1.4,2.6,29.1,11.8,,0.3,0.2,0.5,0.231,,0.5,2.6,3.1,0.1,plumlma01,2223,9.3
453,370,Jakob Poeltl,C,27,TOT,53,1389,21.1,0.636,0.002,0.35,13.3,25.4,19.1,16.6,1.7,4.1,16.5,18.4,,2.6,1.4,4.0,0.138,,1.1,0.7,1.8,1.3,poeltja01,2223,14.9
454,370,Jakob Poeltl,C,27,SAS,46,1199,19.9,0.625,0.003,0.332,13.5,25.4,19.2,17.1,1.4,3.6,17.8,18.7,,1.9,1.0,2.9,0.116,,0.6,0.2,0.8,0.8,poeltja01,2223,14.9
455,370,Jakob Poeltl,C,27,TOR,7,190,28.2,0.708,0.0,0.466,12.2,25.7,18.4,13.4,3.4,7.2,7.9,17.0,,0.7,0.4,1.1,0.276,,4.5,4.0,8.5,0.5,poeltja01,2223,14.9
456,371,Aleksej Pokusevski,PF,21,OKC,31,677,14.1,0.53,0.416,0.136,7.0,18.1,12.4,12.4,1.4,5.6,13.7,18.4,,0.1,0.9,1.1,0.075,,-0.6,1.1,0.5,0.4,pokusal01,2223,8.8
457,372,Jordan Poole,PG,23,GSW,62,1906,14.1,0.566,0.491,0.293,1.5,8.6,5.1,22.7,1.3,0.7,15.1,29.6,,0.4,1.4,1.8,0.045,,-0.4,-2.0,-2.4,-0.2,poolejo01,2223,20.7
458,373,Kevin Porter Jr.,PG,22,HOU,40,1359,15.4,0.551,0.413,0.299,4.4,13.2,8.8,26.3,1.9,1.2,17.0,25.5,,0.5,0.7,1.2,0.042,,0.8,-0.9,-0.1,0.7,porteke02,2223,18.5
459,374,Michael Porter Jr.,SF,24,DEN,46,1343,16.0,0.615,0.558,0.142,3.8,17.3,10.8,4.9,1.1,1.5,7.6,22.2,,1.7,1.3,3.0,0.109,,1.3,-1.8,-0.6,0.5,portemi01,2223,17.0
460,375,Otto Porter Jr.,SF,29,TOR,8,146,14.1,0.656,0.567,0.267,4.3,10.9,7.4,7.3,3.7,0.0,10.7,10.9,,0.2,0.2,0.4,0.14,,-1.3,1.9,0.6,0.1,porteot01,2223,5.5
461,376,Bobby Portis,PF,27,MIL,50,1316,18.7,0.571,0.299,0.136,10.3,28.1,19.5,10.3,0.8,0.8,8.9,21.8,,2.0,2.2,4.2,0.154,,1.6,-0.2,1.4,1.1,portibo01,2223,14.0
462,377,Kristaps Porziņģis,C,27,WAS,51,1663,22.8,0.624,0.36,0.463,6.7,21.8,14.6,12.2,1.3,4.0,10.7,27.3,,3.9,2.2,6.2,0.178,,3.5,0.3,3.8,2.4,porzikr01,2223,23.2
463,378,Micah Potter,PF,24,UTA,3,14,17.0,1.0,0.0,0.0,7.8,15.4,11.7,19.6,0.0,0.0,0.0,6.0,,0.1,0.0,0.1,0.235,,2.3,1.5,3.8,0.0,pottemi01,2223,1.3
464,379,Dwight Powell,C,31,DAL,58,1149,15.9,0.737,0.014,0.665,12.1,13.7,12.9,6.3,1.7,1.8,16.1,12.7,,3.1,1.1,4.1,0.173,,-1.2,0.0,-1.2,0.2,poweldw01,2223,6.8
465,380,Norman Powell,SG,29,LAC,53,1371,17.6,0.618,0.417,0.385,1.6,11.0,6.4,11.1,1.5,1.1,10.8,26.0,,2.0,1.3,3.3,0.115,,1.4,-0.7,0.7,1.0,powelno01,2223,16.6
466,381,Jason Preston,PG,23,LAC,13,122,10.6,0.489,0.439,0.049,1.8,18.2,10.1,32.1,0.8,0.0,19.3,18.6,,0.0,0.1,0.1,0.024,,-2.1,-0.5,-2.6,0.0,prestja01,2223,3.2
467,382,Joshua Primo,SG,20,SAS,4,93,6.2,0.467,0.462,0.346,2.3,13.6,7.7,24.5,0.5,1.8,26.9,18.2,,-0.2,0.0,-0.1,-0.074,,-4.6,-1.8,-6.4,-0.1,primojo01,2223,7.0
468,383,Taurean Prince,SF,28,MIN,38,810,10.5,0.614,0.522,0.154,1.7,10.7,6.3,10.0,1.2,1.5,14.6,16.2,,0.4,0.7,1.1,0.066,,-2.1,-0.3,-2.4,-0.1,princta02,2223,8.7
469,384,Payton Pritchard,PG,25,BOS,43,538,9.0,0.516,0.619,0.067,4.4,8.5,6.5,11.7,1.3,0.2,13.1,18.7,,-0.2,0.5,0.3,0.028,,-3.0,-1.2,-4.2,-0.3,pritcpa01,2223,4.7
470,385,Trevelin Queen,SG,25,IND,7,70,6.1,0.337,0.517,0.172,12.6,14.2,13.4,11.3,1.4,6.3,18.3,22.9,,-0.3,0.1,-0.2,-0.128,,-5.6,-1.5,-7.1,-0.1,queentr01,2223,3.0
471,386,Neemias Queta,C,23,SAC,4,25,17.8,0.676,0.0,0.25,18.7,22.7,20.8,6.1,0.0,3.4,10.1,16.9,,0.1,0.0,0.1,0.164,,-2.3,-0.7,-3.1,0.0,quetane01,2223,3.0
472,387,Immanuel Quickley,PG,23,NYK,62,1723,14.8,0.569,0.485,0.248,2.6,13.1,7.9,16.2,1.5,0.5,8.8,19.2,,2.8,1.7,4.5,0.125,,0.5,0.6,1.1,1.3,quickim01,2223,13.3
473,388,Julius Randle,PF,28,NYK,63,2256,21.2,0.585,0.44,0.378,6.3,25.4,15.9,18.8,0.9,0.8,11.4,29.0,,4.7,2.8,7.5,0.16,,4.4,0.1,4.5,3.7,randlju01,2223,25.2
474,389,Austin Reaves,SG,24,LAL,44,1217,12.4,0.663,0.495,0.431,2.3,8.8,5.6,11.1,0.9,1.1,14.4,14.4,,1.8,0.8,2.6,0.104,,-0.8,0.1,-0.8,0.4,reaveau01,2223,11.2
475,390,Cam Reddish,SF,23,TOT,26,603,11.4,0.571,0.479,0.222,1.8,6.4,4.1,8.0,1.9,1.4,10.5,17.0,,0.4,0.5,0.9,0.074,,-1.9,-0.5,-2.4,-0.1,reddica01,2223,13.8
476,390,Cam Reddish,SF,23,NYK,20,438,10.7,0.558,0.412,0.243,1.7,5.9,3.8,6.4,1.7,1.7,9.1,16.2,,0.3,0.4,0.7,0.075,,-2.2,0.0,-2.2,0.0,reddica01,2223,13.8
477,390,Cam Reddish,SF,23,POR,6,165,13.0,0.601,0.638,0.172,2.1,7.7,4.9,12.3,2.4,0.5,13.8,19.2,,0.1,0.1,0.2,0.07,,-1.2,-1.8,-3.0,0.0,reddica01,2223,13.8
478,391,Davon Reed,SG,27,TOT,39,334,5.8,0.465,0.554,0.289,3.5,16.2,10.0,7.6,2.0,1.1,17.6,14.7,,-0.4,0.4,0.0,0.002,,-5.3,-0.3,-5.6,-0.3,reedda01,2223,1.5
479,391,Davon Reed,SG,27,DEN,35,315,5.3,0.456,0.55,0.25,3.4,16.5,10.1,7.2,2.0,1.1,18.4,15.0,,-0.4,0.4,-0.1,-0.008,,-5.6,-0.4,-6.0,-0.3,reedda01,2223,1.5
480,391,Davon Reed,SG,27,LAL,4,19,14.4,0.63,0.667,1.333,5.8,10.8,8.4,13.5,2.5,0.0,0.0,10.5,,0.0,0.0,0.1,0.16,,-0.7,2.1,1.4,0.0,reedda01,2223,1.5
481,392,Paul Reed,C,23,PHI,47,446,16.0,0.597,0.036,0.218,14.9,23.1,19.0,4.5,3.3,6.0,18.8,14.8,,0.4,1.0,1.4,0.148,,-3.7,2.1,-1.5,0.1,reedpa01,2223,3.4
482,393,Naz Reid,C,23,MIN,56,1011,18.2,0.608,0.388,0.217,7.5,22.6,15.2,9.3,1.6,4.3,13.3,23.8,,0.8,1.6,2.4,0.112,,-0.2,0.7,0.4,0.6,reidna01,2223,10.6
483,394,Jared Rhoden,SG,23,DET,1,12,-3.0,0.333,0.333,0.0,0.0,9.5,4.6,0.0,0.0,0.0,0.0,10.6,,0.0,0.0,0.0,-0.085,,-12.6,-4.2,-16.8,0.0,rhodeja01,2223,2.0
484,395,Nick Richards,C,25,CHO,48,833,18.8,0.653,0.0,0.577,14.4,21.4,17.8,3.8,0.5,4.9,11.7,16.6,,2.0,0.8,2.8,0.163,,-0.7,-0.9,-1.6,0.1,richani01,2223,7.8
485,396,Josh Richardson,SG,29,TOT,47,1139,14.0,0.559,0.513,0.161,2.9,10.1,6.4,18.6,2.3,1.0,12.6,19.9,,0.8,0.6,1.4,0.059,,-0.3,-0.3,-0.6,0.4,richajo01,2223,9.1
486,396,Josh Richardson,SG,29,SAS,42,997,13.9,0.556,0.51,0.148,3.2,10.3,6.6,19.3,1.9,0.9,12.7,20.6,,0.7,0.3,1.0,0.048,,0.0,-1.2,-1.2,0.2,richajo01,2223,9.1
487,396,Josh Richardson,SG,29,NOP,5,142,14.7,0.585,0.55,0.3,0.8,8.8,4.7,13.4,5.4,2.0,11.7,15.4,,0.1,0.3,0.4,0.137,,-2.4,5.7,3.3,0.2,richajo01,2223,9.1
488,397,Austin Rivers,SG,30,MIN,49,1001,7.7,0.574,0.59,0.19,0.6,8.4,4.6,9.3,1.3,0.4,9.4,10.4,,0.6,0.7,1.4,0.065,,-3.1,0.4,-2.7,-0.2,riverau01,2223,5.1
489,398,Duncan Robinson,SF,28,MIA,31,549,7.4,0.513,0.814,0.117,1.6,11.2,6.2,9.9,1.1,0.0,9.6,17.6,,-0.1,0.5,0.4,0.035,,-3.8,-1.3,-5.1,-0.4,robindu01,2223,6.7
490,399,Mitchell Robinson,C,24,NYK,41,1110,19.0,0.672,0.0,0.435,16.9,19.7,18.3,4.6,1.7,6.1,8.5,9.6,,3.0,1.8,4.8,0.209,,1.1,1.8,2.9,1.4,robinmi01,2223,7.8
491,400,Orlando Robinson,C,22,MIA,29,397,13.7,0.572,0.058,0.337,12.2,22.5,17.1,7.7,1.5,3.1,13.2,12.6,,0.5,0.6,1.1,0.137,,-3.0,0.9,-2.1,0.0,robinor01,2223,3.9
492,401,Jeremiah Robinson-Earl,PF,22,OKC,32,646,13.8,0.56,0.46,0.178,9.3,14.6,11.8,6.4,1.5,1.6,6.8,15.1,,0.9,0.7,1.6,0.118,,-0.3,-0.4,-0.7,0.2,robinje02,2223,7.4
493,402,Isaiah Roby,PF,24,SAS,42,474,9.4,0.497,0.387,0.265,4.7,20.9,12.5,10.7,1.8,1.2,15.2,17.8,,-0.4,0.3,-0.1,-0.01,,-4.0,-0.7,-4.7,-0.3,robyis01,2223,4.1
494,403,David Roddy,PF,21,MEM,49,836,7.9,0.51,0.502,0.176,3.9,11.9,7.9,4.7,1.3,1.3,13.0,16.6,,-0.5,1.1,0.6,0.033,,-4.0,-0.3,-4.2,-0.5,roddyda01,2223,6.0
495,404,Ryan Rollins,PG,20,GSW,12,62,-1.4,0.508,0.45,0.3,5.4,15.8,10.7,12.5,0.8,1.4,41.4,26.2,,-0.3,0.1,-0.3,-0.22,,-11.4,-3.8,-15.2,-0.2,rolliry01,2223,1.9
496,405,Derrick Rose,PG,34,NYK,27,338,10.3,0.463,0.396,0.075,2.6,10.2,6.4,20.3,1.0,1.4,11.8,23.6,,-0.3,0.3,0.0,0.003,,-2.2,-1.5,-3.7,-0.1,rosede01,2223,5.6
497,406,Terrence Ross,SG,31,TOT,45,1009,9.1,0.542,0.54,0.067,1.2,9.7,5.4,8.6,1.3,0.8,9.9,16.0,,0.0,0.8,0.8,0.038,,-2.4,-0.4,-2.8,-0.2,rosste01,2223,11.2
498,406,Terrence Ross,SG,31,ORL,42,944,8.8,0.543,0.535,0.067,1.2,9.0,5.1,8.3,1.3,0.8,10.7,15.8,,-0.1,0.7,0.6,0.032,,-2.5,-0.5,-3.0,-0.2,rosste01,2223,11.2
499,406,Terrence Ross,SG,31,PHO,3,65,13.4,0.535,0.586,0.069,1.7,19.2,10.2,14.0,0.8,0.0,0.0,19.6,,0.1,0.1,0.2,0.117,,-0.3,0.4,0.1,0.0,rosste01,2223,11.2
500,407,Terry Rozier,SG,28,CHO,52,1851,14.8,0.519,0.427,0.187,2.6,10.0,6.2,21.0,1.5,0.6,9.1,26.5,,0.5,1.1,1.6,0.041,,0.7,-1.5,-0.8,0.6,roziete01,2223,21.3
501,408,Ricky Rubio,PG,32,CLE,16,267,11.5,0.424,0.557,0.227,1.8,14.5,8.2,28.0,3.4,0.7,11.8,18.4,,-0.1,0.5,0.4,0.076,,-4.0,2.4,-1.7,0.0,rubiori01,2223,5.0
502,409,D'Angelo Russell,PG,26,TOT,58,1877,16.3,0.601,0.514,0.234,1.8,8.6,5.3,27.1,1.5,1.0,15.3,22.7,,2.6,1.6,4.1,0.106,,1.9,-0.8,1.1,1.5,russeda01,2223,16.4
503,409,D'Angelo Russell,PG,26,MIN,54,1778,16.3,0.604,0.521,0.23,1.8,8.4,5.2,27.0,1.6,1.1,15.5,22.7,,2.4,1.5,3.9,0.106,,2.0,-0.8,1.2,1.4,russeda01,2223,16.4
504,409,D'Angelo Russell,PG,26,LAL,4,99,15.9,0.554,0.395,0.302,2.2,12.4,7.5,29.0,0.5,0.0,11.0,23.3,,0.1,0.1,0.2,0.097,,0.6,-0.6,0.0,0.1,russeda01,2223,16.4
505,410,Matt Ryan,SF,25,TOT,32,303,8.4,0.543,0.776,0.112,1.5,7.3,4.5,6.6,0.8,0.3,5.9,16.7,,0.1,0.2,0.3,0.044,,-1.7,-1.6,-3.3,-0.1,ryanma01,2223,3.8
506,410,Matt Ryan,SF,25,LAL,12,129,4.7,0.459,0.714,0.102,1.7,9.5,5.8,4.0,0.7,0.0,5.5,17.7,,-0.1,0.1,-0.1,-0.019,,-4.3,-1.6,-5.9,-0.1,ryanma01,2223,3.8
507,410,Matt Ryan,SF,25,MIN,20,174,11.1,0.614,0.828,0.121,1.3,5.7,3.5,8.5,0.8,0.5,6.1,15.9,,0.2,0.1,0.3,0.091,,0.2,-1.6,-1.4,0.0,ryanma01,2223,3.8
508,411,Domantas Sabonis,C,26,SAC,59,2035,23.0,0.674,0.102,0.48,10.1,31.0,20.7,29.0,1.2,1.1,17.6,21.0,,6.9,2.3,9.2,0.218,,3.7,1.8,5.5,3.8,sabondo01,2223,19.0
509,412,Dario Šarić,PF,28,TOT,42,606,13.1,0.571,0.409,0.276,7.7,22.0,14.7,14.3,1.1,0.7,16.2,19.1,,0.5,0.7,1.2,0.095,,-1.9,0.2,-1.6,0.1,saricda01,2223,9.4
510,412,Dario Šarić,PF,28,PHO,37,533,12.4,0.545,0.388,0.247,7.9,21.9,14.7,14.9,1.2,0.8,15.4,18.7,,0.3,0.7,1.0,0.087,,-2.2,0.3,-1.9,0.0,saricda01,2223,9.4
511,412,Dario Šarić,PF,28,OKC,5,73,18.2,0.743,0.56,0.48,5.7,22.5,13.9,9.7,0.6,0.0,20.9,21.9,,0.2,0.1,0.2,0.154,,0.6,-0.2,0.5,0.0,saricda01,2223,9.4
512,413,Jordan Schakel,SF,24,WAS,2,6,24.5,0.75,0.5,0.0,0.0,0.0,0.0,23.7,8.1,0.0,0.0,14.5,,0.0,0.0,0.0,0.32,,7.8,9.4,17.2,0.0,schakjo01,2223,1.5
513,414,Admiral Schofield,PF,25,ORL,28,354,11.5,0.613,0.587,0.207,6.1,10.6,8.3,9.2,0.8,0.8,5.6,13.0,,0.7,0.2,0.9,0.127,,-1.3,-0.4,-1.7,0.0,schofad01,2223,4.2
514,415,Dennis Schröder,PG,29,LAL,48,1474,11.2,0.556,0.359,0.379,1.0,7.7,4.4,19.1,1.1,0.3,13.1,17.6,,1.1,0.9,2.0,0.066,,-2.5,-0.6,-3.1,-0.4,schrode01,2223,12.8
515,416,Dereon Seabron,SG,22,NOP,5,12,4.6,0.4,0.0,0.0,9.3,0.0,4.7,0.0,0.0,0.0,0.0,17.7,,0.0,0.0,0.0,-0.036,,-6.6,-4.9,-11.5,0.0,seabrde01,2223,0.8
516,417,Alperen Şengün,C,20,HOU,56,1576,20.1,0.601,0.069,0.37,12.3,21.4,16.8,22.0,1.4,3.3,16.8,21.8,,2.8,1.2,4.0,0.122,,1.2,0.3,1.5,1.4,sengual01,2223,14.8
517,418,Collin Sexton,SG,24,UTA,47,1129,16.2,0.62,0.258,0.434,3.6,6.4,5.0,17.9,1.1,0.4,13.4,23.2,,2.2,0.5,2.7,0.113,,0.3,-1.5,-1.2,0.2,sextoco01,2223,14.3
518,419,Landry Shamet,SG,25,PHO,30,642,11.1,0.546,0.669,0.186,1.3,7.6,4.4,14.5,1.4,0.7,10.0,19.3,,0.4,0.5,1.0,0.073,,-0.7,-0.5,-1.2,0.1,shamela01,2223,9.5
519,420,Day'Ron Sharpe,C,21,BRK,34,350,15.1,0.575,0.058,0.262,18.9,22.9,20.9,10.0,0.8,4.7,20.7,18.5,,0.3,0.5,0.8,0.105,,-3.4,-0.8,-4.3,-0.2,sharpda01,2223,4.1
520,421,Shaedon Sharpe,SG,19,POR,60,1223,10.1,0.556,0.419,0.118,4.4,10.0,7.2,4.6,0.9,1.1,8.9,16.8,,0.4,0.5,0.9,0.035,,-2.0,-2.0,-4.0,-0.6,sharpsh01,2223,7.8
521,422,Pascal Siakam,C,28,TOR,53,1985,21.0,0.568,0.219,0.392,5.2,19.1,11.6,26.2,1.1,1.4,10.1,28.0,,4.2,1.7,6.0,0.144,,3.9,-0.4,3.5,2.7,siakapa01,2223,24.4
522,423,Chris Silva,PF,26,DAL,1,3,-2.1,1.0,0.0,0.0,0.0,0.0,0.0,0.0,0.0,0.0,50.0,30.2,,0.0,0.0,0.0,-0.259,,-22.5,-0.1,-22.6,0.0,silvach01,2223,2.0
523,424,Ben Simmons,PG,26,BRK,42,1105,13.6,0.559,0.009,0.243,4.3,22.1,13.5,30.7,2.4,1.9,27.2,14.4,,0.6,1.6,2.2,0.096,,-2.1,2.4,0.3,0.6,simmobe01,2223,6.9
524,425,Marko Simonovic,C,23,CHI,3,5,-10.7,0.0,1.0,0.0,0.0,0.0,0.0,0.0,0.0,0.0,0.0,8.8,,0.0,0.0,0.0,-0.199,,-15.9,-5.8,-21.7,0.0,simonma01,2223,0.0
525,426,Anfernee Simons,SG,23,POR,56,1990,15.2,0.587,0.543,0.169,0.9,7.8,4.4,18.7,1.0,0.6,10.6,25.0,,2.5,0.6,3.1,0.075,,1.5,-2.3,-0.8,0.6,simonan01,2223,21.3
526,427,Jericho Sims,C,24,NYK,48,771,14.1,0.774,0.01,0.154,13.0,19.4,16.2,4.2,1.0,3.4,18.4,7.6,,1.6,1.0,2.6,0.16,,-1.0,0.6,-0.4,0.3,simsje01,2223,3.5
527,428,Marcus Smart,PG,28,BOS,45,1455,12.8,0.545,0.556,0.19,2.5,9.3,6.0,28.8,2.1,1.1,18.6,17.3,,1.2,1.8,3.0,0.099,,-1.2,0.5,-0.6,0.5,smartma01,2223,11.4
528,429,Dennis Smith Jr.,PG,25,CHO,41,1037,11.3,0.487,0.239,0.217,1.7,10.0,5.7,23.9,2.7,1.4,15.0,16.9,,-0.2,1.0,0.8,0.036,,-3.8,0.9,-2.8,-0.2,smithde03,2223,8.7
529,430,Dru Smith,SG,25,TOT,9,101,11.6,0.481,0.462,0.0,1.1,16.1,8.5,13.9,4.4,3.0,7.1,12.3,,0.0,0.2,0.2,0.101,,-4.1,4.6,0.5,0.1,smithdr01,2223,6.2
530,430,Dru Smith,SG,25,MIA,5,67,7.2,0.393,0.429,0.0,1.6,14.4,7.7,10.2,3.0,4.6,6.7,9.9,,0.0,0.1,0.1,0.06,,-6.3,3.2,-3.1,0.0,smithdr01,2223,6.2
531,430,Dru Smith,SG,25,BRK,4,34,20.2,0.583,0.5,0.0,0.0,19.3,10.0,21.1,7.2,0.0,7.7,17.1,,0.0,0.1,0.1,0.182,,0.2,7.2,7.4,0.1,smithdr01,2223,6.2
532,431,Ish Smith,PG,34,DEN,31,315,6.7,0.436,0.061,0.02,1.5,14.0,7.9,30.5,0.9,1.7,27.0,18.9,,-0.6,0.3,-0.3,-0.047,,-5.3,-1.3,-6.6,-0.4,smithis01,2223,2.8
533,432,Jabari Smith Jr.,PF,19,HOU,58,1751,9.8,0.495,0.48,0.231,4.8,20.9,12.8,5.9,0.8,3.2,10.8,18.4,,-0.5,1.0,0.5,0.014,,-3.3,-1.3,-4.6,-1.2,smithja05,2223,12.1
534,433,Jalen Smith,PF,22,IND,53,963,15.5,0.554,0.396,0.262,10.9,23.5,17.2,7.6,0.8,4.1,12.0,21.5,,0.5,1.0,1.6,0.078,,-1.1,-0.9,-2.1,0.0,smithja04,2223,9.0
535,434,Jeremy Sochan,PF,19,SAS,50,1302,10.9,0.506,0.24,0.222,6.9,14.5,10.5,13.6,1.3,1.4,14.3,18.9,,-0.4,0.4,0.1,0.003,,-2.8,-1.4,-4.1,-0.7,sochaje01,2223,10.7
536,435,Jaden Springer,SG,20,PHI,7,26,26.1,0.618,0.0,0.333,18.2,13.4,15.8,6.8,3.8,7.1,6.8,25.3,,0.1,0.1,0.1,0.253,,-1.0,2.6,1.6,0.0,sprinja01,2223,2.4
537,436,Lamar Stevens,PF,25,CLE,45,784,9.5,0.532,0.332,0.196,4.3,16.0,10.2,4.5,1.2,1.6,8.9,13.6,,0.2,1.1,1.3,0.079,,-2.9,0.4,-2.5,-0.1,stevela01,2223,5.3
538,437,Isaiah Stewart,C,21,DET,50,1414,13.2,0.56,0.465,0.338,8.7,23.2,15.8,7.2,0.7,2.1,11.8,17.2,,1.1,0.9,2.0,0.069,,-0.9,-1.2,-2.2,-0.1,stewais01,2223,11.3
539,438,Max Strus,SF,26,MIA,60,1791,10.7,0.542,0.703,0.124,2.7,11.5,6.9,11.1,1.0,0.6,7.9,18.1,,0.9,1.8,2.7,0.071,,-1.2,-0.7,-1.8,0.1,strusma01,2223,12.0
540,439,Jalen Suggs,PG,21,ORL,37,851,12.1,0.516,0.462,0.274,4.7,9.2,6.9,21.1,2.5,2.2,17.1,20.5,,-0.2,1.0,0.8,0.044,,-2.1,0.8,-1.3,0.2,suggsja01,2223,9.6
541,440,Edmond Sumner,SG,27,BRK,46,669,14.4,0.594,0.329,0.386,1.9,10.0,6.1,14.0,2.2,1.2,13.3,22.1,,0.6,0.6,1.2,0.088,,-2.1,-0.2,-2.3,0.0,sumneed01,2223,7.5
542,441,Cole Swider,SF,23,LAL,6,40,7.7,0.5,0.889,0.0,2.7,15.4,9.3,12.3,0.0,0.0,0.0,9.5,,0.0,0.0,0.1,0.077,,-2.9,-0.6,-3.5,0.0,swideco01,2223,1.5
543,442,Jae'Sean Tate,SF,27,HOU,22,474,10.8,0.524,0.196,0.266,7.6,11.4,9.5,17.9,1.4,0.8,16.6,18.4,,0.1,0.2,0.2,0.024,,-3.6,-1.3,-4.9,-0.3,tateja01,2223,9.1
544,443,Jayson Tatum,PF,24,BOS,58,2166,23.6,0.602,0.437,0.393,3.3,22.1,12.8,21.0,1.4,1.8,10.6,32.8,,4.9,3.1,8.0,0.177,,4.8,0.4,5.2,3.9,tatumja01,2223,30.3
545,444,Terry Taylor,PF,23,TOT,27,232,9.3,0.521,0.269,0.104,10.5,8.1,9.3,5.9,0.6,1.9,11.4,14.3,,0.1,0.1,0.2,0.031,,-3.3,-1.8,-5.1,-0.2,taylote01,2223,2.0
546,444,Terry Taylor,PF,23,IND,26,228,8.9,0.507,0.277,0.108,10.7,8.2,9.4,6.0,0.6,1.9,11.7,14.2,,0.0,0.1,0.1,0.026,,-3.4,-1.9,-5.3,-0.2,taylote01,2223,2.0
547,444,Terry Taylor,PF,23,CHI,1,4,33.7,1.0,0.0,0.0,0.0,0.0,0.0,0.0,0.0,0.0,0.0,21.9,,0.0,0.0,0.0,0.31,,4.6,4.0,8.6,0.0,taylote01,2223,2.0
548,445,Garrett Temple,SG,36,NOP,19,133,10.5,0.542,0.568,0.108,1.7,8.5,5.1,10.0,3.3,0.7,7.2,13.4,,0.1,0.2,0.3,0.094,,-3.2,2.1,-1.1,0.0,templga01,2223,2.2
549,446,Dalen Terry,SG,20,CHI,25,127,12.5,0.518,0.375,0.25,6.3,10.4,8.4,16.1,1.5,3.0,11.9,17.4,,0.0,0.2,0.2,0.077,,-0.8,0.9,0.1,0.1,terryda01,2223,1.7
550,447,Daniel Theis,C,30,IND,7,109,14.4,0.497,0.25,0.273,7.1,15.1,11.1,12.4,0.9,4.8,5.7,20.1,,0.0,0.1,0.1,0.051,,-0.9,-0.5,-1.4,0.0,theisda01,2223,7.0
551,448,Cam Thomas,SG,21,BRK,44,761,16.1,0.576,0.28,0.434,1.1,10.1,5.7,14.0,1.1,0.6,10.0,27.7,,0.7,0.5,1.1,0.072,,0.0,-1.9,-1.9,0.0,thomaca02,2223,10.8
552,449,Klay Thompson,SG,32,GSW,50,1638,14.7,0.568,0.579,0.115,2.2,11.1,6.7,11.6,0.9,0.9,8.4,27.2,,0.8,1.2,1.9,0.057,,1.4,-2.1,-0.7,0.5,thompkl01,2223,22.0
553,450,JT Thor,PF,20,CHO,50,562,5.8,0.461,0.492,0.23,4.8,11.5,8.0,4.3,1.1,1.7,13.7,11.9,,-0.4,0.4,-0.1,-0.006,,-4.7,-0.8,-5.5,-0.5,thorjt01,2223,2.5
554,451,Matisse Thybulle,SG,25,TOT,54,735,10.8,0.57,0.578,0.088,4.0,8.7,6.4,5.5,3.7,2.5,6.7,9.9,,0.6,1.1,1.7,0.111,,-2.8,3.0,0.2,0.4,thybuma01,2223,7.3
555,451,Matisse Thybulle,SG,25,PHI,49,591,10.0,0.536,0.543,0.103,4.0,8.4,6.2,5.2,3.8,2.2,6.2,9.7,,0.3,1.0,1.3,0.103,,-3.3,3.3,0.0,0.3,thybuma01,2223,7.3
556,451,Matisse Thybulle,SG,25,POR,5,144,14.2,0.7,0.71,0.032,4.1,9.6,6.9,6.6,3.4,3.7,8.7,10.4,,0.2,0.2,0.4,0.14,,-0.4,1.5,1.2,0.1,thybuma01,2223,7.3
557,452,Xavier Tillman Sr.,PF,24,MEM,41,650,17.5,0.609,0.067,0.366,12.6,15.6,14.1,10.1,2.4,2.4,10.8,13.4,,1.3,1.1,2.4,0.178,,0.5,1.7,2.2,0.7,tillmxa01,2223,6.1
558,453,Isaiah Todd,PF,21,WAS,4,13,-3.2,0.25,0.75,0.0,0.0,0.0,0.0,0.0,0.0,0.0,0.0,13.4,,0.0,0.0,0.0,-0.16,,-8.0,-5.6,-13.6,0.0,toddis01,2223,0.5
559,454,Obi Toppin,PF,24,NYK,48,708,12.0,0.534,0.593,0.123,3.5,18.9,11.2,7.7,1.1,1.1,8.1,18.6,,0.4,0.8,1.2,0.08,,-0.4,-0.5,-0.9,0.2,toppiob01,2223,6.0
560,455,Juan Toscano-Anderson,SF,29,TOT,34,422,7.0,0.526,0.312,0.195,4.2,15.0,9.7,8.6,1.3,1.6,19.3,10.3,,-0.1,0.4,0.4,0.04,,-4.9,1.1,-3.7,-0.2,toscaju01,2223,1.7
561,455,Juan Toscano-Anderson,SF,29,LAL,30,365,7.5,0.558,0.303,0.227,4.2,13.2,8.9,8.6,1.3,1.6,19.0,10.3,,0.0,0.4,0.4,0.051,,-4.6,1.0,-3.5,-0.1,toscaju01,2223,1.7
562,455,Juan Toscano-Anderson,SF,29,UTA,4,57,3.6,0.318,0.364,0.0,3.9,26.5,15.3,8.6,1.7,1.4,21.4,10.3,,-0.1,0.1,0.0,-0.026,,-6.8,2.1,-4.8,0.0,toscaju01,2223,1.7
563,456,Karl-Anthony Towns,PF,27,MIN,21,709,19.3,0.625,0.386,0.343,5.6,21.2,13.6,23.3,1.1,1.8,15.7,24.9,,1.3,0.8,2.2,0.146,,2.3,0.9,3.3,1.0,townska01,2223,20.8
564,457,Gary Trent Jr.,SG,24,TOR,54,1810,15.2,0.564,0.492,0.228,1.3,7.9,4.4,7.4,2.4,0.8,5.6,21.9,,2.2,1.6,3.8,0.101,,0.3,-0.2,0.1,1.0,trentga02,2223,17.7
565,458,P.J. Tucker,PF,37,PHI,58,1518,5.8,0.584,0.594,0.129,6.1,12.3,9.2,3.9,0.9,0.8,17.5,6.4,,0.7,1.4,2.1,0.067,,-3.3,0.1,-3.2,-0.4,tuckepj01,2223,3.5
566,459,Myles Turner,C,26,IND,53,1587,20.6,0.658,0.351,0.371,5.7,23.7,14.7,6.9,1.0,6.8,10.6,21.7,,3.2,2.0,5.2,0.157,,1.9,0.7,2.6,1.9,turnemy01,2223,18.0
567,460,Stanley Umude,SG,23,DET,1,2,65.6,0.532,1.0,2.0,0.0,0.0,0.0,0.0,24.1,43.8,0.0,39.8,,0.0,0.0,0.0,0.626,,15.7,32.7,48.4,0.0,umudest01,2223,2.0
568,461,Jonas Valančiūnas,C,30,NOP,61,1517,19.0,0.608,0.145,0.291,12.6,31.4,21.9,10.5,0.5,1.8,14.2,23.3,,2.3,2.0,4.3,0.137,,0.1,-0.9,-0.8,0.5,valanjo01,2223,14.1
569,462,Jarred Vanderbilt,PF,23,TOT,58,1394,16.5,0.612,0.175,0.321,11.0,24.8,17.9,15.1,2.1,1.0,16.3,14.0,,2.5,1.8,4.3,0.148,,0.1,1.6,1.7,1.3,vandeja01,2223,8.5
570,462,Jarred Vanderbilt,PF,23,UTA,52,1254,16.2,0.607,0.183,0.328,10.6,24.8,17.7,15.4,2.0,1.0,16.0,14.2,,2.2,1.6,3.8,0.144,,0.1,1.4,1.5,1.1,vandeja01,2223,8.5
571,462,Jarred Vanderbilt,PF,23,LAL,6,140,19.0,0.662,0.094,0.25,14.1,24.9,19.7,12.4,3.0,1.2,18.4,13.1,,0.3,0.2,0.5,0.186,,0.9,3.0,3.9,0.2,vandeja01,2223,8.5
572,463,Fred VanVleet,PG,28,TOR,51,1882,16.7,0.536,0.537,0.258,1.5,12.7,6.7,26.6,2.1,1.6,9.3,23.0,,2.8,1.8,4.6,0.118,,1.9,0.2,2.1,2.0,vanvlfr01,2223,19.1
573,464,Devin Vassell,SG,22,SAS,29,907,16.6,0.562,0.438,0.188,0.7,13.8,7.0,17.3,1.8,1.1,8.2,24.9,,0.8,0.4,1.2,0.065,,2.1,-1.0,1.0,0.7,vassede01,2223,19.0
574,465,Gabe Vincent,PG,26,MIA,48,1263,8.9,0.531,0.628,0.157,1.7,8.6,5.0,14.2,1.7,0.3,13.7,17.9,,-0.3,1.4,1.1,0.042,,-3.3,-0.1,-3.5,-0.5,vincega01,2223,9.3
575,466,Noah Vonleh,C,27,BOS,23,171,6.0,0.502,0.167,0.083,11.7,19.1,15.5,5.1,0.6,4.0,30.7,9.2,,0.0,0.2,0.2,0.056,,-6.9,0.5,-6.4,-0.2,vonleno01,2223,1.1
576,467,Nikola Vučević,C,32,CHI,62,2097,19.3,0.595,0.327,0.136,6.9,30.3,18.8,14.8,0.9,2.3,10.4,21.7,,3.1,3.3,6.4,0.147,,2.2,0.8,3.0,2.6,vucevni01,2223,17.7
577,468,Dean Wade,PF,26,CLE,34,712,9.4,0.578,0.699,0.161,2.7,18.1,10.5,5.5,1.6,2.1,8.4,10.5,,0.5,1.2,1.6,0.11,,-2.3,2.4,0.1,0.4,wadede01,2223,4.8
578,469,Franz Wagner,SF,21,ORL,61,2025,16.0,0.591,0.324,0.293,3.1,10.6,6.8,16.8,1.4,0.6,11.6,23.5,,2.6,1.6,4.2,0.1,,0.5,-0.6,-0.1,1.0,wagnefr01,2223,18.9
579,470,Moritz Wagner,C,25,ORL,41,859,17.4,0.628,0.426,0.455,7.2,17.8,12.5,12.3,1.6,1.0,12.3,20.9,,1.8,1.0,2.7,0.152,,0.6,0.3,0.9,0.6,wagnemo01,2223,11.2
580,471,Ish Wainright,SF,28,PHO,44,684,10.3,0.545,0.749,0.15,5.7,9.8,7.7,8.4,2.5,2.0,9.6,12.3,,0.6,0.9,1.5,0.102,,-2.3,1.9,-0.4,0.3,wainris01,2223,4.3
581,472,Jabari Walker,SF,20,POR,41,368,10.3,0.51,0.268,0.299,10.5,15.4,12.9,7.8,0.5,2.1,11.3,14.7,,0.2,0.2,0.4,0.055,,-3.1,-1.7,-4.8,-0.3,walkeja01,2223,2.7
582,473,Kemba Walker,PG,32,DAL,9,144,15.2,0.543,0.491,0.368,2.4,10.8,6.5,20.4,0.7,1.3,5.7,22.1,,0.2,0.1,0.3,0.104,,0.3,-0.7,-0.3,0.1,walkeke02,2223,8.0
583,474,Lonnie Walker IV,SG,24,LAL,45,1160,12.4,0.577,0.463,0.191,1.2,7.2,4.3,7.1,1.1,1.1,7.5,19.8,,0.8,0.8,1.6,0.066,,-0.8,-0.7,-1.5,0.1,walkelo01,2223,12.7
584,475,John Wall,PG,32,LAC,34,755,13.9,0.498,0.322,0.334,2.1,11.5,6.8,36.1,1.8,1.4,17.1,27.1,,-0.4,0.8,0.4,0.024,,-0.7,-0.5,-1.3,0.1,walljo01,2223,11.4
585,476,T.J. Warren,PF-SF,29,TOT,28,505,14.7,0.579,0.239,0.161,3.3,13.7,8.6,8.6,1.5,1.2,7.2,20.9,,0.4,0.5,0.9,0.083,,-1.2,-0.7,-1.9,0.0,warretj01,2223,1.8
586,476,T.J. Warren,PF,29,BRK,26,490,14.5,0.576,0.24,0.165,3.1,13.2,8.3,8.9,1.5,1.2,7.3,21.1,,0.4,0.4,0.8,0.079,,-1.3,-0.8,-2.1,0.0,warretj01,2223,1.8
587,476,T.J. Warren,SF,29,PHO,2,15,20.8,0.7,0.2,0.0,7.2,30.2,18.5,0.0,3.3,0.0,0.0,14.2,,0.0,0.0,0.1,0.216,,2.5,1.9,4.4,0.0,warretj01,2223,1.8
588,477,Duane Washington Jr.,SG,22,PHO,31,394,9.5,0.458,0.434,0.094,0.5,9.8,5.1,25.7,0.7,0.9,11.3,32.5,,-0.8,0.3,-0.5,-0.061,,-1.7,-2.9,-4.5,-0.3,washidu02,2223,7.9
589,478,P.J. Washington,PF,24,CHO,60,1975,12.9,0.545,0.444,0.178,3.2,12.4,7.6,10.6,1.3,3.0,9.1,19.5,,0.8,1.6,2.4,0.058,,-0.8,-0.4,-1.2,0.4,washipj01,2223,15.2
590,479,TyTy Washington Jr.,PG,21,HOU,26,386,7.9,0.44,0.476,0.112,0.6,10.3,5.4,16.9,1.5,0.5,7.4,17.4,,-0.2,0.1,-0.1,-0.008,,-4.6,-1.5,-6.1,-0.4,washity02,2223,4.7
591,480,Yuta Watanabe,SF,28,BRK,44,781,13.0,0.672,0.567,0.201,3.9,11.8,8.0,6.5,1.2,1.7,7.5,13.0,,1.4,0.6,2.0,0.123,,0.5,-0.5,0.0,0.4,watanyu01,2223,6.3
592,481,Lindy Waters III,SG,25,OKC,25,279,12.1,0.577,0.923,0.088,2.6,13.7,8.1,7.9,1.5,2.0,6.0,15.0,,0.3,0.3,0.6,0.104,,0.7,0.0,0.6,0.2,waterli01,2223,5.1
593,482,Trendon Watford,PF,22,POR,45,746,12.5,0.649,0.206,0.424,4.6,19.2,11.9,15.2,1.1,0.7,18.7,14.1,,1.0,0.5,1.5,0.097,,-1.5,-0.1,-1.6,0.1,watfotr01,2223,6.0
594,483,Peyton Watson,SG,20,DEN,14,44,12.4,0.553,0.211,0.105,8.1,12.8,10.5,3.3,0.0,2.0,9.1,21.6,,0.0,0.0,0.0,0.023,,-1.7,-4.0,-5.7,0.0,watsope01,2223,1.6
595,484,Blake Wesley,SG,19,SAS,18,258,4.5,0.47,0.277,0.205,1.6,12.5,6.9,14.2,1.8,0.3,22.3,18.7,,-0.6,0.1,-0.5,-0.086,,-7.3,-1.6,-8.9,-0.4,weslebl01,2223,4.9
596,485,Russell Westbrook,PG,34,TOT,55,1584,15.8,0.502,0.291,0.322,4.3,17.9,11.3,38.9,1.8,1.2,18.4,28.4,,-1.0,1.9,0.9,0.028,,-0.1,0.0,-0.1,0.7,westbru01,2223,14.1
597,485,Russell Westbrook,PG,34,LAL,52,1491,15.4,0.496,0.292,0.326,4.3,18.0,11.4,38.4,1.7,1.3,18.1,28.7,,-1.1,1.8,0.6,0.02,,-0.2,-0.1,-0.3,0.6,westbru01,2223,14.1
598,485,Russell Westbrook,PG,34,LAC,3,93,20.7,0.64,0.265,0.235,3.6,16.8,10.2,46.8,3.7,0.0,25.7,23.8,,0.2,0.1,0.3,0.163,,0.9,1.4,2.4,0.1,westbru01,2223,14.1
599,486,Coby White,SG,22,CHI,54,1209,11.2,0.553,0.609,0.14,1.0,12.2,6.7,12.8,1.6,0.4,9.2,17.3,,0.5,1.3,1.9,0.074,,-1.6,0.2,-1.4,0.2,whiteco01,2223,8.8
600,487,Derrick White,SG,28,BOS,62,1718,15.3,0.597,0.516,0.25,2.3,10.8,6.6,19.4,1.2,2.8,9.7,17.5,,3.2,2.1,5.3,0.148,,1.0,1.1,2.1,1.8,whitede01,2223,12.0
601,488,Jack White,SF,25,DEN,15,47,12.1,0.548,0.5,0.188,7.6,12.0,9.9,5.6,1.0,3.8,5.5,16.9,,0.0,0.0,0.1,0.101,,-2.1,-0.9,-3.0,0.0,whiteja03,2223,1.2
602,489,Joe Wieskamp,SF,23,TOR,3,24,6.7,0.563,0.875,0.0,0.0,10.2,4.7,5.7,0.0,0.0,11.1,15.9,,0.0,0.0,0.0,0.013,,-1.5,-3.5,-5.0,0.0,wieskjo01,2223,3.0
603,490,Aaron Wiggins,SG,24,OKC,49,918,11.8,0.601,0.36,0.194,5.9,12.3,9.0,9.8,1.2,0.9,13.5,13.8,,1.0,0.8,1.8,0.094,,-1.5,-0.8,-2.3,-0.1,wiggiaa01,2223,6.9
604,491,Andrew Wiggins,SF,27,GSW,37,1190,14.8,0.564,0.425,0.136,5.7,11.4,8.6,10.5,1.8,2.1,7.9,21.5,,1.0,1.2,2.2,0.088,,0.0,-0.5,-0.6,0.4,wiggian01,2223,17.1
605,492,Alondes Williams,SG,23,BRK,1,5,-21.0,,,,0.0,21.9,11.4,0.0,0.0,0.0,100.0,17.8,,-0.1,0.0,-0.1,-0.521,,-21.1,-5.4,-26.6,0.0,willial06,2223,0.0
606,493,Grant Williams,PF,24,BOS,61,1668,10.5,0.614,0.593,0.261,4.5,14.6,9.6,8.8,1.1,1.2,14.0,12.8,,1.7,1.9,3.6,0.104,,-1.7,0.6,-1.0,0.4,willigr01,2223,8.4
607,494,Jalen Williams,SG,21,OKC,57,1669,14.2,0.583,0.274,0.219,3.5,11.9,7.6,14.2,2.1,1.6,12.5,17.6,,1.6,1.8,3.4,0.099,,-1.3,0.5,-0.8,0.5,willija06,2223,13.3
608,495,Jaylin Williams,PF,20,OKC,29,477,12.2,0.574,0.405,0.206,5.1,24.8,14.7,11.5,1.1,1.0,11.7,14.2,,0.5,0.6,1.1,0.107,,-1.7,0.2,-1.5,0.1,willija07,2223,5.6
609,496,Kenrich Williams,PF,28,OKC,53,1206,14.5,0.585,0.387,0.113,8.4,14.9,11.6,11.7,1.8,1.1,8.1,13.7,,2.0,1.3,3.3,0.133,,0.2,0.3,0.5,0.8,willike04,2223,8.0
610,497,Mark Williams,C,21,CHO,32,536,21.6,0.674,0.0,0.394,11.9,27.9,19.7,3.4,1.9,6.1,11.4,17.0,,1.2,0.9,2.1,0.187,,0.0,0.9,0.9,0.4,willima07,2223,8.2
611,498,Patrick Williams,PF,21,CHI,62,1786,11.1,0.575,0.415,0.157,4.0,12.7,8.4,6.3,1.4,2.6,12.8,15.4,,0.5,2.2,2.7,0.072,,-1.6,0.4,-1.2,0.4,willipa01,2223,10.3
612,499,Robert Williams,C,25,BOS,26,629,20.1,0.745,0.007,0.184,14.4,24.7,19.6,9.1,1.0,4.0,13.5,11.8,,1.9,1.0,2.9,0.224,,1.6,1.6,3.2,0.8,williro04,2223,8.4
613,500,Vince Williams Jr.,SG,22,MEM,10,49,4.2,0.269,0.692,0.0,4.3,10.7,7.5,7.3,3.9,1.8,7.1,11.7,,-0.1,0.1,0.0,0.0,,-7.5,3.2,-4.3,0.0,willivi01,2223,0.9
614,501,Ziaire Williams,SF,21,MEM,30,491,6.3,0.499,0.513,0.106,2.6,12.4,7.5,6.4,1.2,0.9,15.2,16.5,,-0.5,0.6,0.1,0.012,,-5.4,-0.6,-6.0,-0.5,willizi02,2223,5.1
615,502,Zion Williamson,PF,22,NOP,29,956,25.4,0.652,0.041,0.529,6.8,17.1,11.9,24.4,1.6,1.6,14.6,30.1,,2.4,1.1,3.6,0.179,,4.8,0.8,5.7,1.8,willizi01,2223,26.0
616,503,Justise Winslow,SF,26,POR,29,776,9.4,0.466,0.227,0.141,7.4,14.3,10.9,17.0,1.9,1.2,17.0,14.3,,0.0,0.6,0.6,0.035,,-3.3,0.7,-2.6,-0.1,winslju01,2223,6.8
617,504,James Wiseman,C,21,TOT,25,356,16.9,0.643,0.045,0.346,8.1,24.5,16.3,5.9,0.4,2.0,11.0,20.4,,0.6,0.3,0.9,0.122,,-1.3,-1.0,-2.3,0.0,wisemja01,2223,12.3
618,504,James Wiseman,C,21,GSW,21,262,17.2,0.655,0.021,0.404,7.7,22.8,15.3,8.1,0.5,2.4,11.2,20.0,,0.5,0.3,0.8,0.142,,-1.3,-0.6,-1.9,0.0,wisemja01,2223,12.3
619,504,James Wiseman,C,21,DET,4,94,16.2,0.611,0.103,0.205,9.1,29.1,18.8,0.0,0.0,0.9,10.5,21.4,,0.1,0.1,0.1,0.065,,-1.3,-2.2,-3.4,0.0,wisemja01,2223,12.3
620,505,Christian Wood,C,27,DAL,51,1389,20.9,0.627,0.377,0.337,5.6,29.1,17.2,10.9,0.8,3.9,12.0,26.4,,2.2,1.7,3.9,0.135,,2.0,-0.3,1.7,1.3,woodch01,2223,17.1
621,506,Delon Wright,PG,30,WAS,32,733,16.3,0.593,0.444,0.201,5.9,9.6,7.8,20.3,4.0,1.3,14.0,12.7,,1.3,1.0,2.3,0.151,,0.4,3.5,3.9,1.1,wrighde01,2223,7.2
622,507,McKinley Wright IV,PG,24,DAL,20,206,11.5,0.529,0.286,0.224,3.4,11.7,7.4,25.6,1.7,1.3,18.2,14.5,,0.1,0.2,0.3,0.073,,-2.6,-0.4,-3.0,-0.1,wrighmc01,2223,2.9
623,508,Thaddeus Young,PF,34,TOR,50,776,14.7,0.588,0.178,0.136,9.3,14.5,11.7,13.2,3.4,0.6,16.5,13.3,,0.9,1.0,1.9,0.116,,-1.5,1.9,0.4,0.5,youngth01,2223,4.4
624,509,Trae Young,PG,24,ATL,55,1942,22.2,0.57,0.333,0.445,2.2,6.8,4.5,42.8,1.4,0.4,14.7,33.4,,4.0,1.1,5.1,0.125,,5.3,-2.0,3.3,2.6,youngtr01,2223,26.7
625,510,Cody Zeller,C,30,MIA,3,47,16.3,0.649,0.0,0.5,11.7,7.7,9.8,10.1,1.1,6.5,12.0,15.6,,0.1,0.1,0.2,0.166,,-2.7,1.8,-0.9,0.0,zelleco01,2223,5.0
626,511,Ivica Zubac,C,25,LAC,60,1762,15.8,0.65,0.005,0.473,12.7,25.8,19.3,5.1,0.7,4.0,17.9,14.3,,2.6,2.4,5.0,0.137,,-1.6,0.1,-1.5,0.2,zubaciv01,2223,10.3
